ｘ,?action=edit,,?preview_id=,Platform,ID,案件名,単価,合計,2019/04/01,2019/04/02,2019/04/03,2019/04/04,2019/04/05,2019/04/06,2019/04/07,2019/04/08,2019/04/09,2019/04/10,2019/04/11,2019/04/12,2019/04/13,2019/04/14,2019/04/15,2019/04/16,2019/04/17,2019/04/18,2019/04/19,2019/04/20,2019/04/21,2019/04/22,2019/04/23,2019/04/24,2019/04/25,2019/04/26,2019/04/27,2019/04/28,2019/04/29,2019/04/30,
売上,GenieeDSP,吉田,ジュエルアップ／A,arclink,44K444Ol44Ko44Or44Ki44OD44OX44OV44Or44Ki44Km44OIQQ&44K444Ol44Ko44Or44Ki44OD44OX44OV44Or44Ki44Km44OITQ,"9/26から単価14,000円→12/7から単価16,000円→1/4から単価16,500円→1/28から17,000円",18000,"¥270,000","¥18,000","¥36,000","¥18,000","¥72,000","¥36,000","¥54,000",¥0,"¥36,000",¥0,,,,,,,,,,,,,,,,,,,,,,
売上,imobile,吉田,ジュエルアップ／B,arclink,44K444Ol44Ko44Or44Ki44OD44OX44OV44Or44Ki44Km44OIQg,"9/26から単価14,000円→12/7から単価16,000円→1/4から単価16,500円→1/28から17,000円",18000,¥0,,¥0,¥0,¥0,¥0,¥0,¥0,¥0,¥0,,,,,,,,,,,,,,,,,,,,,,
売上,pista,吉田,ジュエルアップ／C,arclink,44K444Ol44Ko44Or44Ki44OD44OX44OV44Or44Ki44Km44OIQw,"9/26から単価14,000円→12/7から単価16,000円→1/4から単価16,500円→1/28から17,000円",18000,"¥270,000","¥18,000","¥36,000","¥36,000","¥18,000","¥18,000","¥18,000","¥36,000","¥36,000","¥54,000",,,,,,,,,,,,,,,,,,,,,,
売上,uzou,吉田,ジュエルアップ／D,arclink,44K444Ol44Ko44Or44Ki44OD44OX44OV44Or44Ki44Km44OIRA,"9/26から単価14,000円→12/7から単価16,000円→1/4から単価16,500円→1/28から17,000円",18000,"¥342,000","¥90,000",¥0,"¥36,000","¥36,000","¥36,000","¥36,000","¥54,000","¥18,000","¥36,000",,,,,,,,,,,,,,,,,,,,,,
売上,zucks,吉田,ジュエルアップ／E,arclink,44K444Ol44Ko44Or44Ki44OD44OX44OV44Or44Ki44Km44OIRQ,"9/26から単価14,000円→12/7から単価16,000円→1/4から単価16,500円→1/28から17,000円",18000,"¥648,000","¥36,000","¥90,000","¥72,000","¥36,000","¥90,000","¥162,000","¥90,000","¥36,000","¥36,000",,,,,,,,,,,,,,,,,,,,,,
売上,Lucra,吉田,ジュエルアップ／G,arclink,44K444Ol44Ko44Or44Ki44OD44OX44OV44Or44Ki44Km44OIRw,"9/26から単価14,000円→12/7から単価16,000円→1/4から単価16,500円→1/28から17,000円",18000,"¥36,000","¥18,000",¥0,"¥18,000",¥0,¥0,¥0,¥0,¥0,¥0,,,,,,,,,,,,,,,,,,,,,,
売上,gunosy,吉田,ジュエルアップ／H,arclink,44K444Ol44Ko44Or44Ki44OD44OX44OV44Or44Ki44Km44OISA,"9/26から単価14,000円→12/7から単価16,000円→1/4から単価16,500円→1/28から17,000円",18000,"¥414,000","¥72,000","¥54,000","¥72,000","¥18,000","¥90,000","¥36,000","¥36,000","¥36,000",¥0,,,,,,,,,,,,,,,,,,,,,,
売上,docomo,吉田,こうじ酵素,result_plus,6016_9172,"10,300円→11,000円（9/7～）→13,000（10/17～）","¥13,000","¥13,000",,"¥13,000",¥0,¥0,¥0,¥0,¥0,¥0,¥0,,,,,,,,,,,,,,,,,,,,,,
売上,line,吉田,こうじ酵素,result_plus,4081_11471,"10,300円→11,000円（9/7～）→13,000（10/17～）","¥13,000",¥0,,¥0,¥0,¥0,¥0,¥0,¥0,¥0,¥0,,,,,,,,,,,,,,,,,,,,,,
売上,関連記事,吉田,はははのは,ja_net result_plus,720105 13655_25663,"AW→PA単価7,000円（11/30まで）","¥7,000",¥0,,¥0,¥0,¥0,¥0,¥0,¥0,¥0,¥0,,,,,,,,,,,,,,,,,,,,,,
売上,docomo,吉田,ビューティーオープナー／2,,,,"¥9,000","¥90,000","¥18,000",,"¥54,000",,"¥9,000",,"¥9,000",,,,,,,,,,,,,,,,,,,,,,,,
売上,line,吉田,ビューティーオープナー／1,,,,"¥9,000","¥9,000",,,"¥9,000",,,,,,,,,,,,,,,,,,,,,,,,,,,,
売上,facebook,吉田,ビューティーオープナー／3,,,,"¥9,000",¥0,,,,,,,,,,,,,,,,,,,,,,,,,,,,,,,
売上,smartnews,吉田,ビューティーオープナー,,,,"¥9,000","¥27,000","¥9,000","¥9,000",,"¥9,000",,,,,,,,,,,,,,,,,,,,,,,,,,,
売上,line,吉田,キレイモ,result_plus,,,"¥29,000",¥0,,,,,,,,,,,,,,,,,,,,,,,,,,,,,,,
売上,gunosy,吉田,キレイモ,result_plus,4082_11700,,"¥29,000",¥0,,¥0,¥0,¥0,¥0,¥0,¥0,¥0,¥0,,,,,,,,,,,,,,,,,,,,,,
売上,smartnews,吉田,キレイモ,result_plus,,,"¥29,000",¥0,,,,,,,,,,,,,,,,,,,,,,,,,,,,,,,
売上,gunosy,吉田,シュガリミット,,,,"¥13,000","¥39,000","¥13,000",,"¥26,000",,,,,,,,,,,,,,,,,,,,,,,,,,,,
売上,LAP,山田,バランローズクリームシャンプー,zucks_affiliate,fs_1_c921dead1d3115ca9b7a0987b4a94984&fs_2_c921dead1d3115ca9b7a0987b4a94984,①RT&②AT,"¥6,500","¥52,000","¥13,000","¥13,000","¥19,500","¥6,500",¥0,¥0,¥0,¥0,¥0,,,,,,,,,,,,,,,,,,,,,,
売上,facebook,山田,LAKUBI,result_plus,4082_11291,②,"¥12,000",¥0,,¥0,¥0,¥0,¥0,¥0,¥0,¥0,¥0,,,,,,,,,,,,,,,,,,,,,,
売上,facebook,山田,マナラホットクレンジング,zucks_affiliate,fs_5_db020f591306c7f9aae438864c75ac94,"2/12 19:30~単価8,000円、2/14 11:00~単価8,500円(2件：8,000）","¥8,500",¥0,,¥0,¥0,¥0,¥0,¥0,¥0,¥0,¥0,,,,,,,,,,,,,,,,,,,,,,
売上,LAP,山田,マナラホットクレンジング,zucks_affiliate,fs_6_db020f591306c7f9aae438864c75ac94&fs_2_db020f591306c7f9aae438864c75ac94&fs_7_db020f591306c7f9aae438864c75ac94,"2/12 19:30~単価8,000円、2/14 11:00~単価8,500円(2件：8,000）","¥8,500","¥348,500","¥51,000","¥25,500",¥0,"¥68,000","¥25,500","¥42,500","¥25,500","¥59,500","¥51,000",,,,,,,,,,,,,,,,,,,,,,
売上,docomo,山田,マナラホットクレンジング,zucks_affiliate,fs_3_db020f591306c7f9aae438864c75ac94,"2/12 19:30~単価8,000円、2/14 11:00~単価8,500円(2件：8,000）","¥8,500","¥68,000",,"¥8,500","¥8,500","¥17,000",¥0,"¥8,500",¥0,"¥8,500","¥17,000",,,,,,,,,,,,,,,,,,,,,,
売上,docomo,山田,コンブチャ生サプリ,access_trade,1085437,コンブチャ生サプリ,"¥11,000",¥0,,¥0,¥0,¥0,¥0,¥0,¥0,¥0,¥0,,,,,,,,,,,,,,,,,,,,,,
売上,Lucra,山田,DUOホワイト,result_plus,4278_10577,④,"¥8,300","¥91,300","¥41,500","¥33,200","¥8,300","¥8,300",¥0,¥0,¥0,¥0,¥0,,,,,,,,,,,,,,,,,,,,,,
売上,docomo,山田,DUOホワイト,result_plus,4653_10577,⑧,"¥8,300","¥8,300","¥8,300",¥0,¥0,¥0,¥0,¥0,¥0,¥0,¥0,,,,,,,,,,,,,,,,,,,,,,
売上,LAP,山田,DUOクレンジングバーム,result_plus,4081_10442&4082_10442,①+②/RT+AT,"¥8,300","¥24,900",,¥0,"¥16,600","¥8,300",¥0,¥0,¥0,¥0,¥0,,,,,,,,,,,,,,,,,,,,,,
売上,LAP,山田,肌ナチュール,zucks_affiliate,fs_4_e4aa4188a6992950bb79fe7ca15e19ec&fs_6_e4aa4188a6992950bb79fe7ca15e19ec,④+⑥,"¥10,000","¥10,000",,"¥10,000",¥0,¥0,¥0,¥0,¥0,¥0,¥0,,,,,,,,,,,,,,,,,,,,,,
売上,関連記事,三宅,ブライトエイジ,result_plus,5932_6831&5937_6831,前：親子　後ろ：ロキソニン,"¥6,500","¥6,500",,¥0,"¥6,500",¥0,¥0,¥0,¥0,¥0,¥0,,,,,,,,,,,,,,,,,,,,,,
売上,docomo,三宅,ブライトエイジ,result_plus,5941_6831,,"¥6,500","¥19,500","¥6,500","¥6,500",¥0,¥0,¥0,¥0,"¥6,500",¥0,¥0,,,,,,,,,,,,,,,,,,,,,,
売上,evory,三宅,ジュエルアップ,arclink,44K444Ol44Ko44Or44Ki44OD44OX44OV44Or44Ki44Km44OISg,,"¥18,000","¥72,000",,¥0,"¥18,000","¥18,000",¥0,¥0,"¥36,000",¥0,¥0,,,,,,,,,,,,,,,,,,,,,,
売上,関連記事,三宅,スルスルこうそ,result_plus,4082_9743&4083_9743,"10/5~ ¥11,000","¥11,000",¥0,,¥0,¥0,¥0,¥0,¥0,¥0,¥0,¥0,,,,,,,,,,,,,,,,,,,,,,
売上,docomo,三宅,シミウス,result_plus,4083_10234&4278_10234,前：メール　後：ADNW,8500,"¥221,000","¥25,500","¥8,500","¥17,000","¥34,000","¥51,000","¥17,000","¥17,000","¥34,000","¥17,000",,,,,,,,,,,,,,,,,,,,,,
売上,line,三宅,シミウス,scadnet,other_1&lap_4     ,,8500,"¥569,500","¥51,000","¥102,000","¥34,000","¥85,000","¥25,500","¥76,500","¥127,500","¥59,500","¥8,500",,,,,,,,,,,,,,,,,,,,,,
売上,関連記事,三宅,シミウス,result_plus,4081_10235&4081_10234,フルアウト様　①シミウス_（プレゼント付き_シズル）×フルアウト,8500,¥0,,¥0,¥0,¥0,¥0,¥0,¥0,¥0,¥0,,,,,,,,,,,,,,,,,,,,,,
売上,関連記事,三宅,わらびはだ,result_plus,4082_10561,,11000,¥0,,¥0,¥0,¥0,¥0,¥0,¥0,¥0,¥0,,,,,,,,,,,,,,,,,,,,,,
売上,docomo,三宅,チェルラーブリリオ,result_plus,13664_25021&13658_27073&13658_27076,前：メール　後ろ：AT,9000,"¥99,000",,"¥18,000",¥0,"¥18,000","¥9,000","¥36,000","¥18,000",¥0,¥0,,,,,,,,,,,,,,,,,,,,,,
売上,line,三宅,チェルラーブリリオ,result_plus,13661_25021&4081_11452&13652_27076,,9000,"¥666,000","¥45,000","¥54,000","¥45,000","¥108,000","¥54,000","¥63,000","¥135,000","¥108,000","¥54,000",,,,,,,,,,,,,,,,,,,,,,
売上,docomo,三宅,肥後すっぽんもろみ酢,result_plus zucks_affiliate,4081_8931 full_out_5_47baf27dc85a1784ec11eadb6387e636,肥後すっぽんもろみ酢,5000,"¥20,000",,"¥5,000","¥15,000",¥0,¥0,¥0,¥0,¥0,¥0,,,,,,,,,,,,,,,,,,,,,,
売上,docomo,三宅,トリプルフォース,result_plus,5932_11520,,12000,¥0,,¥0,¥0,¥0,¥0,¥0,¥0,¥0,¥0,,,,,,,,,,,,,,,,,,,,,,
売上,関連記事,三宅,エルシーノ,zucks_affiliate,full_out_5_ff0bcde059c0df1e1d6d06141c6096f4,エルシーノ,"¥23,000",¥0,,¥0,¥0,¥0,¥0,¥0,¥0,¥0,¥0,,,,,,,,,,,,,,,,,,,,,,
売上,google,三宅,マナラホットクレンジングゲル,zucks_affiliate,fs_1_db020f591306c7f9aae438864c75ac94,① 比較↓,"¥8,500","¥110,500",,¥0,"¥8,500","¥17,000","¥25,500","¥17,000","¥25,500","¥8,500","¥8,500",,,,,,,,,,,,,,,,,,,,,,
売上,google,三宅,DUOホワイト,result_plus,4654_10577,⑨,"¥8,300","¥24,900","¥8,300",¥0,¥0,¥0,"¥8,300","¥8,300",¥0,¥0,¥0,,,,,,,,,,,,,,,,,,,,,,
売上,google,三宅,ストレピア,zucks_affiliate,fs_1_dc23a77de6b21565e92d9a990a1065ec,①,"¥8,500","¥17,000",,¥0,"¥8,500",¥0,"¥8,500",¥0,¥0,¥0,¥0,,,,,,,,,,,,,,,,,,,,,,
売上,google,三宅,メルライン,result_plus,13652_27889,①,"¥7,000",¥0,,¥0,¥0,¥0,¥0,¥0,¥0,¥0,¥0,,,,,,,,,,,,,,,,,,,,,,
売上,google,三宅,ライフラインベーシック,result_plus,4083_11600,①,"¥7,000",¥0,,¥0,¥0,¥0,¥0,¥0,¥0,¥0,¥0,,,,,,,,,,,,,,,,,,,,,,
売上,関連記事Nvv,笹川,LAKUBI（ラクビ）PA③⑤,result_plus,4083_8786&4279_8786,ラクビ,"¥10,500","¥10,500",¥0,¥0,¥0,¥0,¥0,"¥10,500",¥0,¥0,¥0,,,,,,,,,,,,,,,,,,,,,,
売上,docomo,笹川,LAKUBI（ラクビ）Z③,zucks_affiliate,fs_3_5213408a3446efbd6a6f7434dc3429db,ラクビ,"¥11,500","¥34,500",¥0,"¥11,500","¥11,500",¥0,¥0,¥0,"¥11,500",¥0,¥0,,,,,,,,,,,,,,,,,,,,,,
売上,lap,笹川,LAKUBI（ラクビ）PA（LAP①）,result_plus,4081_11288&4082_11288&4083_11288,,"¥12,000","¥96,000","¥24,000","¥24,000",¥0,"¥24,000","¥12,000",¥0,¥0,¥0,"¥12,000",,,,,,,,,,,,,,,,,,,,,,
売上,facebook,笹川,パールホワイト,onde,13734&13735,パールホワイト,"¥12,500","¥137,500","¥25,000","¥12,500",¥0,"¥12,500",¥0,"¥12,500","¥37,500","¥37,500",¥0,,,,,,,,,,,,,,,,,,,,,,
売上,docomo,笹川,パールホワイト,onde,12609&13567&13737,パールホワイト,"¥12,500","¥25,000",¥0,"¥12,500",¥0,¥0,¥0,¥0,¥0,"¥12,500",¥0,,,,,,,,,,,,,,,,,,,,,,
売上,adwords,笹川,パールクチュール,,,手打ち,"¥9,000",¥0,¥0,,,,,,,,,,,,,,,,,,,,,,,,,,,,,,
売上,facebook,笹川,パールクチュール,,,手打ち,"¥9,000",¥0,¥0,,,,,,,,,,,,,,,,,,,,,,,,,,,,,,
売上,lap,笹川,PG2ピュアエッセンス,result_plus,4081_10332,,"¥9,000","¥99,000","¥9,000","¥9,000","¥9,000","¥27,000","¥18,000","¥9,000","¥18,000",¥0,¥0,,,,,,,,,,,,,,,,,,,,,,
売上,lap,笹川,珠肌ランシェル,,手打ち,,"¥9,000","¥32,000",,,,¥0,¥0,"¥8,000","¥8,000","¥16,000",,,,,,,,,,,,,,,,,,,,,,,
売上,smartnews,勝屋,クレムドアン,0b0f19rpjso,,https://cremede-ann.com/media_adv/,"¥7,000","¥7,000",,,"¥7,000",,,,,,,,,,,,,,,,,,,,,,,,,,,,
売上,poets,勝屋,クレムドアン,0b0f1bbk6so,,https://cremede-ann.com/media_adv/,"¥7,000","¥35,000","¥14,000",,,,,,,"¥21,000",,,,,,,,,,,,,,,,,,,,,,,
売上,docomo,勝屋,クレムドアン,0b0fne2qvso,,https://cremede-ann.com/media_adv/,"¥7,000","¥161,000","¥49,000","¥21,000",,"¥21,000","¥21,000",,,"¥14,000","¥35,000",,,,,,,,,,,,,,,,,,,,,,
売上,gunosy,勝屋,クレムドアン,0b0f0ie2bso,,https://cremede-ann.com/media_adv/,"¥7,000","¥28,000","¥7,000","¥7,000","¥14,000",,,,,,,,,,,,,,,,,,,,,,,,,,,,
売上,lucra,勝屋,クレムドアン,0b0fbzbh8so,,https://cremede-ann.com/media_adv/,"¥7,000",¥0,,,,,,,,,,,,,,,,,,,,,,,,,,,,,,,
売上,poets,勝屋,クリスチャン・ココ,result_plus,4081_11186,,"¥5,500",¥0,,¥0,¥0,¥0,¥0,¥0,¥0,¥0,¥0,,,,,,,,,,,,,,,,,,,,,,
売上,poets,勝屋,スベルトレディ,4v87yoea1so&p,,https://babybeaute.jp/media_adv/,"¥10,000",¥0,,,,,,,,,,,,,,,,,,,,,,,,,,,,,,,
売上,smartnews,勝屋,スベルトレディ,4v87yoeyuso,,https://babybeaute.jp/media_adv/,"¥10,000",¥0,,,,,,,,,,,,,,,,,,,,,,,,,,,,,,,
売上,gunosy,勝屋,スベルトレディ,,,,"¥10,000",,,,,,,,,,,,,,,,,,,,,,,,,,,,,,,,
売上,gunosy,笹川,シミウス　記事①,result_plus,4081_11679,,"¥8,500",¥0,¥0,,,,,,¥0,¥0,¥0,,,,,,,,,,,,,,,,,,,,,,
売上,gunosy,笹川,シミウス　記事②,result_plus,4082_11679,,"¥8,500","¥8,500",¥0,,,,,,¥0,¥0,"¥8,500",,,,,,,,,,,,,,,,,,,,,,
売上,gunosy,笹川,シミウス　記事③,result_plus,4083_11679,,"¥8,500",¥0,¥0,,,,,,¥0,¥0,¥0,,,,,,,,,,,,,,,,,,,,,,
売上,gunosy,笹川,シミウス　記事④,result_plus,4278_11679,,"¥8,500",¥0,¥0,,,,,,¥0,¥0,¥0,,,,,,,,,,,,,,,,,,,,,,
売上,台湾SEO,,Shirosai(PF切り替え前),lagoon,26_9&26_23&26_22,shirosai,"¥5,500",¥0,,¥0,¥0,¥0,¥0,¥0,¥0,¥0,¥0,,,,,,,,,,,,,,,,,,,,,,
売上,台湾SEO,,Shirosai(PF切り替え前),access_trade,1081686&1081685&1081684,shirosai,"¥4,750",¥0,,¥0,¥0,¥0,¥0,¥0,¥0,¥0,¥0,,,,,,,,,,,,,,,,,,,,,,
売上,台湾SEO,,【台湾用】ステラアリエス,access_trade,1053659,ステラアリエス,"¥7,000",¥0,,¥0,¥0,¥0,¥0,¥0,¥0,¥0,¥0,,,,,,,,,,,,,,,,,,,,,,
売上,台湾SEO,,バルクオム(PF切り替え前),lagoon,24_9,バルクオム,"¥4,500",¥0,,¥0,¥0,¥0,¥0,¥0,¥0,¥0,¥0,,,,,,,,,,,,,,,,,,,,,,
売上,台湾SEO,,バルクオム(PF切り替え前),access_trade,1081677,バルクオム,"¥4,500",¥0,,¥0,¥0,¥0,¥0,¥0,¥0,¥0,¥0,,,,,,,,,,,,,,,,,,,,,,
売上,台湾SEO,,HMBアルティメイト(PF切り替え前),lagoon,49_9,HMBアルティメイト,"¥5,000",¥0,,¥0,¥0,¥0,¥0,¥0,¥0,¥0,¥0,,,,,,,,,,,,,,,,,,,,,,
売上,台湾SEO,,HMBアルティメイト(PF切り替え後),access_trade,1081680,HMBアルティメイト,"¥5,000",¥0,,¥0,¥0,¥0,¥0,¥0,¥0,¥0,¥0,,,,,,,,,,,,,,,,,,,,,,
売上,台湾SEO,,DUO,lagoon,25_9,DUO,"¥4,200",¥0,,¥0,¥0,¥0,¥0,¥0,¥0,¥0,¥0,,,,,,,,,,,,,,,,,,,,,,
売上,台湾SEO,,ディノベート,lagoon,32_9,ディノベート,"¥5,000",¥0,,¥0,¥0,¥0,¥0,¥0,¥0,¥0,¥0,,,,,,,,,,,,,,,,,,,,,,
売上,台湾SEO,,よくばりきれいの生酵素,access_trade,1056944,よくばりキレイの生酵素,"¥4,167",¥0,,¥0,¥0,¥0,¥0,¥0,¥0,¥0,¥0,,,,,,,,,,,,,,,,,,,,,,
売上,台湾SEO,,やまだの活きてる穀物酵素(山田農園穀物活酵素)	,lagoon,56_9,"""やまだの活きてる穀物酵素(山田農園穀物活酵素)        ""","¥4,200",¥0,,¥0,¥0,¥0,¥0,¥0,¥0,¥0,¥0,,,,,,,,,,,,,,,,,,,,,,
売上,台湾SEO,,perfectone,lagoon,8_9,perfectone,"¥4,200",¥0,,¥0,¥0,¥0,¥0,¥0,¥0,¥0,¥0,,,,,,,,,,,,,,,,,,,,,,
売上,台湾SEO,,ヘラスリム(PF切り替え前),lagoon,33_21&33_25&33_9,ヘラスリム,"¥9,000",¥0,,¥0,¥0,¥0,¥0,¥0,¥0,¥0,¥0,,,,,,,,,,,,,,,,,,,,,,
売上,台湾SEO,,ヘラスリム(PF切り替え後),link_a,104186,ヘラスリム,"¥11,574",¥0,,¥0,¥0,¥0,¥0,¥0,¥0,¥0,¥0,,,,,,,,,,,,,,,,,,,,,,
売上,台湾SEO,,ブリリアージュ_新LP,lagoon,74_9,ブリリアージュ,"¥4,000",¥0,,¥0,¥0,¥0,¥0,¥0,¥0,¥0,¥0,,,,,,,,,,,,,,,,,,,,,,
売上,台湾SEO,,very green smoothie,resultplus,4081_8209,very green smoothie,"¥4,500",¥0,,¥0,¥0,¥0,¥0,¥0,¥0,¥0,¥0,,,,,,,,,,,,,,,,,,,,,,
売上,台湾SEO,,マンスールセラム,access_trade,1058503,マンスールセラム,"¥4,000",¥0,,¥0,¥0,¥0,¥0,¥0,¥0,¥0,¥0,,,,,,,,,,,,,,,,,,,,,,
売上,台湾SEO,,重ね発酵ハーブ茶,access_trade,1059513,重ね発酵ハーブ茶,"¥3,900",¥0,,¥0,¥0,¥0,¥0,¥0,¥0,¥0,¥0,,,,,,,,,,,,,,,,,,,,,,
売上,台湾SEO,,iマイクロパッチ,access_trade,1058504,iマイクロパッチ,"¥5,000",¥0,,¥0,¥0,¥0,¥0,¥0,¥0,¥0,¥0,,,,,,,,,,,,,,,,,,,,,,
売上,台湾SEO,,すっぽんスリム,access_trade,1046223,すっぽんスリム,"¥5,000",¥0,,¥0,¥0,¥0,¥0,¥0,¥0,¥0,¥0,,,,,,,,,,,,,,,,,,,,,,
売上,台湾SEO,,豐麗EX,access_trade,1060452,豐麗EX,"¥4,600",¥0,,¥0,¥0,¥0,¥0,¥0,¥0,¥0,¥0,,,,,,,,,,,,,,,,,,,,,,
売上,台湾SEO,,Simply Fit,access_trade,1062128,Simply Fit,"¥5,000",¥0,,¥0,¥0,¥0,¥0,¥0,¥0,¥0,¥0,,,,,,,,,,,,,,,,,,,,,,
売上,台湾SEO,,maNara(1番),resultplus,4081_8211,maNara(1番),"¥3,000",¥0,,¥0,¥0,¥0,¥0,¥0,¥0,¥0,¥0,,,,,,,,,,,,,,,,,,,,,,
売上,台湾SEO,,ViTAKT,zucks_affiliate,full_out_1_e8192973bb8294a28787f3ffdce78a88,ViTAKT,"¥4,500",¥0,,¥0,¥0,¥0,¥0,¥0,¥0,¥0,¥0,,,,,,,,,,,,,,,,,,,,,,
売上,台湾SEO,,ナイトアイボーテ,access_trade,1068972,ナイトアイボーテ,"¥4,500",¥0,,¥0,¥0,¥0,¥0,¥0,¥0,¥0,¥0,,,,,,,,,,,,,,,,,,,,,,
売上,台湾SEO,,DMJ葛の花減脂粒,access_trade,1070094,DMJ葛の花減脂粒,"¥9,500",¥0,,¥0,¥0,¥0,¥0,¥0,¥0,¥0,¥0,,,,,,,,,,,,,,,,,,,,,,
売上,台湾SEO,,デリーモ(PF切り替え前),lagoon,79_9,デリーモ,"¥12,519",¥0,,¥0,¥0,¥0,¥0,¥0,¥0,¥0,¥0,,,,,,,,,,,,,,,,,,,,,,
売上,台湾SEO,,デリーモ(PF切り替え前),access_trade,1081683,デリーモ,"¥4,500",¥0,,¥0,¥0,¥0,¥0,¥0,¥0,¥0,¥0,,,,,,,,,,,,,,,,,,,,,,
売上,台湾SEO,,はピート,resultplus,,はピート,"¥5,000",¥0,,,,,,,,,,,,,,,,,,,,,,,,,,,,,,,
売上,台湾SEO,,アロンザ,,,アロンザ,"¥4,315",¥0,,,,,,,,,,,,,,,,,,,,,,,,,,,,,,,
売上,台湾SEO,,マキシマムマッスル,,,マキシマムマッスル,"¥4,205",¥0,,,,,,,,,,,,,,,,,,,,,,,,,,,,,,,
売上,台湾SEO,,快朝酵素,access_trade,1069444,快朝酵素,"¥3,500",¥0,,¥0,¥0,¥0,¥0,¥0,¥0,¥0,¥0,,,,,,,,,,,,,,,,,,,,,,
売上,台湾SEO,,プレミアムベルエタンセル,,,プレミアムベルエタンセル,"¥3,600",,,,,,,,,,,,,,,,,,,,,,,,,,,,,,,,
売上,LIL,,スララーナ,,,MH様手動承認,"¥10,500",¥0,,,,,,,,,,,,,,,,,,,,,,,,,,,,,,,
売上,LIL,,スルスルむくみん,zucks_affiliate,full_out_4_f82cfad3159bc26e608ee0b44ec827a8,スルスルむくみん,"¥13,000",¥0,,¥0,¥0,¥0,¥0,¥0,¥0,¥0,¥0,,,,,,,,,,,,,,,,,,,,,,
売上,LIL,,スラキュア,,,AG様手動承認,"¥5,000",¥0,,,,,,,,,,,,,,,,,,,,,,,,,,,,,,,
売上,LIL,,LAKUBI,result_plus,5286_8206,,"¥8,500",¥0,,¥0,¥0,¥0,¥0,¥0,¥0,¥0,¥0,,,,,,,,,,,,,,,,,,,,,,
売上,LIL,,ブレッシュ,result_plus,4278_9179,,"¥5,000",¥0,,¥0,¥0,¥0,¥0,¥0,¥0,¥0,¥0,,,,,,,,,,,,,,,,,,,,,,
売上,LIL,,肥後すっぽんもろみ酢,result_plus,4081_8931,,"¥5,000",¥0,,¥0,¥0,¥0,¥0,¥0,¥0,¥0,¥0,,,,,,,,,,,,,,,,,,,,,,
売上,LIL,,こうじ酵素,result_plus,4279_9172,,"¥13,000",¥0,,¥0,¥0,¥0,¥0,¥0,¥0,¥0,¥0,,,,,,,,,,,,,,,,,,,,,,
売上,LIL,,エルシーノ,zucks_affiliate,full_out_6_ff0bcde059c0df1e1d6d06141c6096f4,,"¥23,000",¥0,,¥0,¥0,¥0,¥0,¥0,¥0,¥0,¥0,,,,,,,,,,,,,,,,,,,,,,
,,,,END,,,,,,,,,,,,,,,,,,,,,,,,,,,,,,,,,,,
,,,,,,,,,,,,,,,,,,,,,,,,,,,,,,,,,,,,,,,
,,,,,,,,,,,,,,,,,,,,,,,,,,,,,,,,,,,,,,,
,,,,,,,,,,,,,,,,,,,,,,,,,,,,,,,,,,,,,,,
消化金額,GenieeDSP,吉田,ジュエルアップ／A,geniee,,"11,500円",,"¥172,500","¥11,500","¥23,000","¥11,500","¥46,000","¥23,000","¥34,500",¥0,"¥23,000",,,,,,,,,,,,,,,,,,,,,,,
消化金額,imobile,吉田,ジュエルアップ／B,imobile,10308,,,¥0,¥0,¥0,¥0,¥0,¥0,¥0,¥0,¥0,¥0,,,,,,,,,,,,,,,,,,,,,,
消化金額,pista,吉田,ジュエルアップ／C,pista,3202,,,"¥256,683","¥29,575","¥29,526","¥29,664","¥29,485","¥29,764","¥29,549","¥29,468","¥29,723","¥19,929",,,,,,,,,,,,,,,,,,,,,,
消化金額,uzou,吉田,ジュエルアップ／D,uzou,899,,,"¥320,154","¥33,025","¥30,800","¥36,275","¥38,600","¥39,050","¥47,900","¥43,824","¥34,129","¥16,551",,,,,,,,,,,,,,,,,,,,,,
消化金額,zucks,吉田,ジュエルアップ／E,zucks,44Ki44K344K544OI5qCq5byP5Lya56S,,,"¥612,199","¥46,467","¥86,909","¥81,154","¥80,646","¥69,696","¥89,814","¥97,308","¥60,205",¥0,,,,,,,,,,,,,,,,,,,,,,
消化金額,Lucra,吉田,ジュエルアップ／G,gunosy,61490,,,"¥82,596","¥30,253","¥32,330","¥14,907","¥4,431",¥675,¥0,¥0,¥0,¥0,,,,,,,,,,,,,,,,,,,,,,
消化金額,gunosy,吉田,ジュエルアップ／H,gunosy,53489&54631,,,"¥560,205","¥89,488","¥93,162","¥62,291","¥46,974","¥46,962","¥75,440","¥80,460","¥50,165","¥15,263",,,,,,,,,,,,,,,,,,,,,,
消化金額,docomo,吉田,こうじ酵素,docomo,1386,,,"¥23,045","¥5,877","¥6,264","¥4,344","¥4,307","¥2,253",¥0,¥0,¥0,¥0,,,,,,,,,,,,,,,,,,,,,,
消化金額,line,吉田,こうじ酵素,line,,,,"¥10,632","¥6,068","¥2,694","¥1,870",,,,,,,,,,,,,,,,,,,,,,,,,,,,
消化金額,関連記事,吉田,はははのは,,,,,¥0,,,,,,,,,,,,,,,,,,,,,,,,,,,,,,,
消化金額,docomo,吉田,ビューティーオープナー／2,docomo,1912,,,"¥57,735","¥12,112","¥9,281","¥9,485","¥5,539","¥4,049","¥4,219","¥5,226","¥3,653","¥4,171",,,,,,,,,,,,,,,,,,,,,,
消化金額,line,吉田,ビューティーオープナー／1,line,,,,"¥26,624","¥8,365","¥10,255","¥7,214",¥790,,,,,,,,,,,,,,,,,,,,,,,,,,,
消化金額,facebook,吉田,ビューティーオープナー／3,,,,,¥0,,,,,,,,,,,,,,,,,,,,,,,,,,,,,,,
消化金額,smartnews,吉田,ビューティーオープナー,smartnews,16935096,,,"¥68,732","¥17,661","¥17,663","¥18,332","¥15,076",¥0,¥0,¥0,¥0,¥0,,,,,,,,,,,,,,,,,,,,,,
消化金額,line,吉田,キレイモ,line,,,,"¥3,313",¥949,¥390,¥210,"¥1,764",,,,,,,,,,,,,,,,,,,,,,,,,,,
消化金額,gunosy,吉田,キレイモ,gunosy,63078,,,¥0,¥0,¥0,¥0,¥0,¥0,¥0,¥0,¥0,¥0,,,,,,,,,,,,,,,,,,,,,,
消化金額,smartnews,吉田,キレイモ,,,,,¥0,,,,,,,,,,,,,,,,,,,,,,,,,,,,,,,
消化金額,gunosy,吉田,シュガリミット,gunosy,62937,,,"¥116,778","¥30,384","¥30,537","¥30,690","¥25,122",¥45,¥0,¥0,¥0,¥0,,,,,,,,,,,,,,,,,,,,,,
消化金額,LAP,山田,バランローズクリームシャンプー,line,,,,"¥112,664","¥30,835","¥31,821","¥28,284","¥21,724",,,,,,,,,,,,,,,,,,,,,,,,,,,
消化金額,facebook,山田,LAKUBI,,,,,¥0,,,,,,,,,,,,,,,,,,,,,,,,,,,,,,,
消化金額,facebook,山田,マナラホットクレンジング,facebook,,,,¥0,,,,,,,,,,,,,,,,,,,,,,,,,,,,,,,
消化金額,LAP,山田,マナラホットクレンジング,line,,,,"¥304,149","¥67,686","¥56,124","¥27,722","¥33,377","¥31,183","¥31,783","¥28,186","¥28,088",,,,,,,,,,,,,,,,,,,,,,,
消化金額,docomo,山田,マナラホットクレンジング,docomo,1963,,,"¥34,787","¥2,472","¥3,458","¥2,830","¥4,398","¥3,909","¥3,541","¥5,377","¥6,995","¥1,807",,,,,,,,,,,,,,,,,,,,,,
消化金額,docomo,山田,コンブチャ生サプリ,docomo,1873,コンブチャ生サプリ,,¥907,¥907,¥0,¥0,¥0,¥0,¥0,¥0,¥0,¥0,,,,,,,,,,,,,,,,,,,,,,
消化金額,Lucra,山田,DUOホワイト,gunosy,55012,,,"¥97,100","¥21,850","¥29,800","¥22,800","¥19,200","¥3,450",¥0,¥0,¥0,¥0,,,,,,,,,,,,,,,,,,,,,,
消化金額,docomo,山田,DUOホワイト,docomo,1837,,,"¥18,936","¥18,936",¥0,¥0,¥0,¥0,¥0,¥0,¥0,¥0,,,,,,,,,,,,,,,,,,,,,,
消化金額,LAP,山田,DUOクレンジングバーム,line,,,,"¥40,163","¥2,329","18,936","¥15,174","¥3,724",,,,,,,,,,,,,,,,,,,,,,,,,,,
消化金額,LAP,山田,肌ナチュール,line,,,,"¥30,639","¥10,009","¥8,328","¥7,520","¥2,644","¥2,138",,,,,,,,,,,,,,,,,,,,,,,,,,
消化金額,関連記事,三宅,ブライトエイジ,レコメンド,,ブライトエイジレコメンド,,¥0,,,,,,,,,,,,,,,,,,,,,,,,,,,,,,,
消化金額,docomo,三宅,ブライトエイジ,docomo,1836,,,"¥35,371","¥6,965","¥7,647","¥6,828","¥9,077","¥4,854",¥0,¥0,¥0,¥0,,,,,,,,,,,,,,,,,,,,,,
消化金額,evory,三宅,ジュエルアップ,evory2,1473,,,"¥59,752","¥4,839","¥10,377","¥6,918","¥6,338","¥9,117","¥6,368","¥5,803","¥6,712","¥3,280",,,,,,,,,,,,,,,,,,,,,,
消化金額,関連記事,三宅,スルスルこうそ,,,,,¥0,,,,,,,,,,,,,,,,,,,,,,,,,,,,,,,
消化金額,docomo,三宅,シミウス,docomo,1847,,,"¥203,816","¥17,891","¥11,096","¥12,961","¥24,869","¥32,019","¥27,313","¥45,688","¥20,400","¥11,579",,,,,,,,,,,,,,,,,,,,,,
消化金額,line,三宅,シミウス,,,,,"¥488,873","¥72,142","¥75,411","¥59,679","¥54,763","¥50,280","¥56,026","¥65,479","¥55,093",,,,,,,,,,,,,,,,,,,,,,,
消化金額,関連記事,三宅,シミウス,,,,,¥0,,,,,,,,,,,,,,,,,,,,,,,,,,,,,,,
消化金額,関連記事,三宅,わらびはだ,,,,,¥0,,,,,,,,,,,,,,,,,,,,,,,,,,,,,,,
消化金額,docomo,三宅,チェルラーブリリオ,docomo,1920,,,"¥67,148","¥6,396","¥9,960","¥6,393","¥6,774","¥5,473","¥10,321","¥8,616","¥7,677","¥5,538",,,,,,,,,,,,,,,,,,,,,,
消化金額,line,三宅,チェルラーブリリオ,,,,,"¥419,564","¥56,940","¥38,369","¥56,678","¥58,877","¥41,277","¥56,907","¥60,973","¥49,543",,,,,,,,,,,,,,,,,,,,,,,
消化金額,docomo,三宅,肥後すっぽんもろみ酢,docomo,1458,,,"¥8,569","¥2,428","¥2,118","¥2,530","¥1,493",¥0,¥0,¥0,¥0,¥0,,,,,,,,,,,,,,,,,,,,,,
消化金額,docomo,三宅,トリプルフォース,docomo,2153,,,"¥1,196",¥279,¥357,¥95,¥283,¥182,¥0,¥0,¥0,¥0,,,,,,,,,,,,,,,,,,,,,,
消化金額,関連記事,三宅,エルシーノ,,,,,¥0,,,,,,,,,,,,,,,,,,,,,,,,,,,,,,,
消化金額,google,三宅,マナラホットクレンジングゲル,,,,,"¥114,469","¥21,418","¥14,266","¥17,178","¥14,760","¥9,984","¥11,552","¥14,860","¥10,451",,,,,,,,,,,,,,,,,,,,,,,
消化金額,google,三宅,DUOホワイト,,,,,¥0,,,,,,,,,,,,,,,,,,,,,,,,,,,,,,,
消化金額,google,三宅,ストレピア,,,,,¥0,,,,,,,,,,,,,,,,,,,,,,,,,,,,,,,
消化金額,google,三宅,メルライン,,,,,¥0,,,,,,,,,,,,,,,,,,,,,,,,,,,,,,,
消化金額,google,三宅,ライフラインベーシック,,,,,¥0,,,,,,,,,,,,,,,,,,,,,,,,,,,,,,,
消化金額,関連記事Nvv,笹川,LAKUBI（ラクビ）PA③⑤,,,LAKUBI（ラクビ）,,¥0,,,,,,,,,,,,,,,,,,,,,,,,,,,,,,,
消化金額,docomo,笹川,LAKUBI（ラクビ）Z,docomo,1527,LAKUBI（ラクビ）,,"¥27,481","¥5,962","¥5,537","¥4,711","¥4,111","¥2,711","¥4,449",¥0,¥0,¥0,,,,,,,,,,,,,,,,,,,,,,
消化金額,lap,笹川,LAKUBI（ラクビ）PA,,,,,"¥46,655","¥12,626","¥12,949","¥12,318","¥8,762",,,,,,,,,,,,,,,,,,,,,,,,,,,
消化金額,facebook,笹川,パールホワイト,facebook,,,,"¥187,859","¥35,216","¥31,027","¥24,075","¥24,961","¥20,803","¥26,593","¥25,184",,,,,,,,,,,,,,,,,,,,,,,,
消化金額,docomo,笹川,パールホワイト,docomo,1965,,,"¥9,379","¥2,409","¥2,336","¥1,891","¥1,810",¥565,¥368,¥0,¥0,¥0,,,,,,,,,,,,,,,,,,,,,,
消化金額,adwords,笹川,パールクチュール,,,GDN,,¥0,,,,,,,,,,,,,,,,,,,,,,,,,,,,,,,
消化金額,facebook,笹川,パールクチュール,,,,,¥0,,,,,,,,,,,,,,,,,,,,,,,,,,,,,,,
消化金額,lap,笹川,PG2ピュアエッセンス,,,,,"¥105,099","¥14,420","¥22,614","¥11,905","¥12,413","¥15,047","¥12,710","¥15,990",,,,,,,,,,,,,,,,,,,,,,,,
消化金額,lap,笹川,珠肌ランシェル,,,,,"¥18,900",,,,,,"¥6,909","¥11,991",,,,,,,,,,,,,,,,,,,,,,,,
消化金額,smartnews,勝屋,クレムドアン,smartnews,14169447,,,¥869,¥0,¥0,¥0,¥0,¥251,¥108,¥464,¥47,¥0,,,,,,,,,,,,,,,,,,,,,,
消化金額,poets,勝屋,クレムドアン,poets,1902,,,"¥15,609","¥2,020","¥2,534","¥1,884","¥1,675","¥1,578","¥1,548","¥2,282","¥1,499",¥589,,,,,,,,,,,,,,,,,,,,,,
消化金額,docomo,勝屋,クレムドアン,docomo,1946,,,"¥147,555","¥18,243","¥16,897","¥16,948","¥17,613","¥17,423","¥17,302","¥16,327","¥17,952","¥8,850",,,,,,,,,,,,,,,,,,,,,,
消化金額,gunosy,勝屋,クレムドアン,gunosy,47267,,,"¥28,555","¥4,787","¥3,869","¥4,003","¥1,834","¥2,778","¥3,465","¥3,771","¥3,356",¥692,,,,,,,,,,,,,,,,,,,,,,
消化金額,lucra,勝屋,クレムドアン,gunosy,59297,,,¥0,¥0,¥0,¥0,¥0,¥0,¥0,¥0,¥0,¥0,,,,,,,,,,,,,,,,,,,,,,
消化金額,poets,勝屋,クリスチャン・ココ,poets,3605,,,¥0,¥0,¥0,¥0,¥0,¥0,¥0,¥0,¥0,¥0,,,,,,,,,,,,,,,,,,,,,,
消化金額,poets,勝屋,スベルトレディ,poets,3683,,,¥0,¥0,¥0,¥0,¥0,¥0,¥0,¥0,¥0,¥0,,,,,,,,,,,,,,,,,,,,,,
消化金額,smartnews,勝屋,スベルトレディ,smartnews,16162131,,,¥0,¥0,¥0,¥0,¥0,¥0,¥0,¥0,¥0,¥0,,,,,,,,,,,,,,,,,,,,,,
消化金額,gunosy,勝屋,スベルトレディ,gunosy,62413,,,,¥0,¥0,¥0,¥50,¥101,¥81,¥0,¥0,¥0,,,,,,,,,,,,,,,,,,,,,,
消化金額,gunosy,笹川,シミウス　記事①,gunosy,63398,,,"¥6,278",,,,,,,¥0,¥0,"¥6,278",,,,,,,,,,,,,,,,,,,,,,
消化金額,gunosy,笹川,シミウス　記事②,gunosy,63399,,,"¥3,594",,,,,,,¥0,¥0,"¥3,594",,,,,,,,,,,,,,,,,,,,,,
消化金額,gunosy,笹川,シミウス　記事③,gunosy,63400,,,"¥1,260",,,,,,,¥0,¥0,"¥1,260",,,,,,,,,,,,,,,,,,,,,,
消化金額,gunosy,笹川,シミウス　記事④,gunosy,63401,,,"¥25,280",,,,,,,¥0,¥0,"¥25,280",,,,,,,,,,,,,,,,,,,,,,
消化金額,台湾SEO,,エクスレッグスリマー,,,,,¥0,,,,,,,,,,,,,,,,,,,,,,,,,,,,,,,
消化金額,台湾SEO,,エクスレーブ,,,,,¥0,,,,,,,,,,,,,,,,,,,,,,,,,,,,,,,
消化金額,台湾SEO,,リブランコート,,,,,¥0,,,,¥0,,,,,,,,,,,,,,,,,,,,,,,,,,,
消化金額,台湾SEO,BU,リブランコート,access_trade,1029000,,,¥0,¥0,¥0,¥0,¥0,¥0,¥0,¥0,¥0,¥0,,,,,,,,,,,,,,,,,,,,,,
消化金額,台湾SEO,,めっちゃ贅沢フルーツ青汁,,,,,¥0,,,,,,,,,,,,,,,,,,,,,,,,,,,,,,,
消化金額,台湾SEO,,素果青汁（すっきりフルーツ青汁）,,,,,¥0,,,,¥0,,,,,,,,,,,,,,,,,,,,,,,,,,,
消化金額,台湾SEO,,Shirosai(PF切り替え前),lagoon,26_9&26_23&26_22,,,¥0,¥0,¥0,¥0,¥0,¥0,¥0,¥0,¥0,¥0,,,,,,,,,,,,,,,,,,,,,,
消化金額,台湾SEO,,Shirosai(PF切り替え前),access_trade,1081686&1081685&1081684,,,¥0,¥0,¥0,¥0,¥0,¥0,¥0,¥0,¥0,¥0,,,,,,,,,,,,,,,,,,,,,,
消化金額,台湾SEO,,【台湾用】ステラアリエス,,,,,¥0,,,,¥0,,,,,,,,,,,,,,,,,,,,,,,,,,,
消化金額,台湾SEO,,バルクオム(PF切り替え前),lagoon,24_9,,,¥0,¥0,¥0,¥0,¥0,¥0,¥0,¥0,¥0,¥0,,,,,,,,,,,,,,,,,,,,,,
消化金額,台湾SEO,,バルクオム(PF切り替え前),access_trade,1081677,,,¥0,¥0,¥0,¥0,¥0,¥0,¥0,¥0,¥0,¥0,,,,,,,,,,,,,,,,,,,,,,
消化金額,台湾SEO,,HMBアルティメイト(PF切り替え前),lagoon,49_9,,,¥0,¥0,¥0,¥0,¥0,¥0,¥0,¥0,¥0,¥0,,,,,,,,,,,,,,,,,,,,,,
消化金額,台湾SEO,,HMBアルティメイト(PF切り替え後),access_trade,1081680,,,¥0,¥0,¥0,¥0,¥0,¥0,¥0,¥0,¥0,¥0,,,,,,,,,,,,,,,,,,,,,,
消化金額,台湾SEO,,DUO,,,,,¥0,,,,,,,,,,,,,,,,,,,,,,,,,,,,,,,
消化金額,台湾SEO,,ディノベート,,,,,¥0,,,,,,,,,,,,,,,,,,,,,,,,,,,,,,,
消化金額,台湾SEO,,よくばりきれいの生酵素,,,,,¥0,,,,,,,,,,,,,,,,,,,,,,,,,,,,,,,
消化金額,台湾SEO,,やまだの活きてる穀物酵素(山田農園穀物活酵素)	,,,,,¥0,,,,,,,,,,,,,,,,,,,,,,,,,,,,,,,
消化金額,台湾SEO,,perfectone,lagoon,,,,¥0,,,,¥0,,,,,,,,,,,,,,,,,,,,,,,,,,,
消化金額,台湾SEO,,ヘラスリム(PF切り替え前),lagoon,33_21&33_25&33_9,,,¥0,¥0,¥0,¥0,¥0,¥0,¥0,¥0,¥0,¥0,,,,,,,,,,,,,,,,,,,,,,
消化金額,台湾SEO,,ヘラスリム(PF切り替え後),link_a,104186,,,¥0,¥0,¥0,¥0,¥0,¥0,¥0,¥0,¥0,¥0,,,,,,,,,,,,,,,,,,,,,,
消化金額,台湾SEO,,ブリリアージュ_新LP,lagoon,74_9,,,¥0,¥0,¥0,¥0,¥0,¥0,¥0,¥0,¥0,¥0,,,,,,,,,,,,,,,,,,,,,,
消化金額,台湾SEO,,very green smoothie,resultplus,4081_8209,,,¥0,¥0,¥0,¥0,¥0,¥0,¥0,¥0,¥0,¥0,,,,,,,,,,,,,,,,,,,,,,
消化金額,台湾SEO,,マンスールセラム,access_trade,1058503,,,¥0,¥0,¥0,¥0,¥0,¥0,¥0,¥0,¥0,¥0,,,,,,,,,,,,,,,,,,,,,,
消化金額,台湾SEO,,重ね発酵ハーブ茶,access_trade,1059513,,,¥0,¥0,¥0,¥0,¥0,¥0,¥0,¥0,¥0,¥0,,,,,,,,,,,,,,,,,,,,,,
消化金額,台湾SEO,,iマイクロパッチ,access_trade,1058504,,,¥0,¥0,¥0,¥0,¥0,¥0,¥0,¥0,¥0,¥0,,,,,,,,,,,,,,,,,,,,,,
消化金額,台湾SEO,,すっぽんスリム,access_trade,1046223,,,¥0,¥0,¥0,¥0,¥0,¥0,¥0,¥0,¥0,¥0,,,,,,,,,,,,,,,,,,,,,,
消化金額,台湾SEO,,豐麗EX,access_trade,1060452,,,¥0,¥0,¥0,¥0,¥0,¥0,¥0,¥0,¥0,¥0,,,,,,,,,,,,,,,,,,,,,,
消化金額,台湾SEO,,Simply Fit,access_trade,1062128,,,¥0,¥0,¥0,¥0,¥0,¥0,¥0,¥0,¥0,¥0,,,,,,,,,,,,,,,,,,,,,,
消化金額,台湾SEO,,maNara(1番),resultplus,4081_8211,,,¥0,¥0,¥0,¥0,¥0,¥0,¥0,¥0,¥0,¥0,,,,,,,,,,,,,,,,,,,,,,
消化金額,台湾SEO,,ViTAKT,zucks_affiliate,full_out_1_e8192973bb8294a28787f3ffdce78a88,,,¥0,¥0,¥0,¥0,¥0,¥0,¥0,¥0,¥0,¥0,,,,,,,,,,,,,,,,,,,,,,
消化金額,台湾SEO,,ナイトアイボーテ,access_trade,1068972,,,¥0,¥0,¥0,¥0,¥0,¥0,¥0,¥0,¥0,¥0,,,,,,,,,,,,,,,,,,,,,,
消化金額,台湾SEO,,DMJ葛の花減脂粒,access_trade,1070094,,,¥0,¥0,¥0,¥0,¥0,¥0,¥0,¥0,¥0,¥0,,,,,,,,,,,,,,,,,,,,,,
消化金額,台湾SEO,,デリーモ(PF切り替え前),lagoon,79_9,,,¥0,¥0,¥0,¥0,¥0,¥0,¥0,¥0,¥0,¥0,,,,,,,,,,,,,,,,,,,,,,
消化金額,台湾SEO,,デリーモ(PF切り替え前),access_trade,1081683,,,¥0,¥0,¥0,¥0,¥0,¥0,¥0,¥0,¥0,¥0,,,,,,,,,,,,,,,,,,,,,,
消化金額,台湾SEO,,はピート,resultplus,,,,¥0,,,,,,,,,,,,,,,,,,,,,,,,,,,,,,,
消化金額,台湾SEO,,アロンザ,,,,,¥0,,,,,,,,,,,,,,,,,,,,,,,,,,,,,,,
消化金額,台湾SEO,,マキシマムマッスル,,,,,¥0,,,,¥0,,,,,,,,,,,,,,,,,,,,,,,,,,,
消化金額,台湾SEO,,快朝酵素,access_trade,1069444,,,¥0,¥0,¥0,¥0,¥0,¥0,¥0,¥0,¥0,¥0,,,,,,,,,,,,,,,,,,,,,,
消化金額,台湾SEO,,プレミアムベルエタンセル,,,,,,,,,,,,,,,,,,,,,,,,,,,,,,,,,,,,
消化金額,LIL,,スララーナ,,,,,¥0,,,,,,,,,,,,,,,,,,,,,,,,,,,,,,,
消化金額,LIL,,スルスルむくみん,,,,,¥0,,,,,,,,,,,,,,,,,,,,,,,,,,,,,,,
消化金額,LIL,,スラキュア,,,,,¥0,,,,,,,,,,,,,,,,,,,,,,,,,,,,,,,
消化金額,LIL,,LAKUBI,,,,,¥0,,,,,,,,,,,,,,,,,,,,,,,,,,,,,,,
消化金額,LIL,,ブレッシュ,,,,,¥0,,,,,,,,,,,,,,,,,,,,,,,,,,,,,,,
消化金額,LIL,,肥後すっぽんもろみ酢,,,,,¥0,,,,,,,,,,,,,,,,,,,,,,,,,,,,,,,
消化金額,LIL,,こうじ酵素,,,,,¥0,,,,,,,,,,,,,,,,,,,,,,,,,,,,,,,
消化金額,LIL,,エルシーノ,,,,,¥0,,,,,,,,,,,,,,,,,,,,,,,,,,,,,,,
,,,,END,,,,,,,,,,,,,,,,,,,,,,,,,,,,,,,,,,,
,,,,,,,,,,,,,,,,,,,,,,,,,,,,,,,,,,,,,,,
,,,,,,,,,,,,,,,,,,,,,,,,,,,,,,,,,,,,,,,
粗利,GenieeDSP,吉田,ジュエルアップ／A,,,,,"¥97,500","¥6,500","¥13,000","¥6,500","¥26,000","¥13,000","¥19,500",¥0,"¥13,000",¥0,¥0,¥0,¥0,¥0,¥0,¥0,¥0,¥0,¥0,¥0,¥0,¥0,¥0,¥0,¥0,¥0,¥0,¥0,¥0,¥0,¥0,¥0
粗利,imobile,吉田,ジュエルアップ／B,,,,,¥0,¥0,¥0,¥0,¥0,¥0,¥0,¥0,¥0,¥0,¥0,¥0,¥0,¥0,¥0,¥0,¥0,¥0,¥0,¥0,¥0,¥0,¥0,¥0,¥0,¥0,¥0,¥0,¥0,¥0,¥0,¥0
粗利,pista,吉田,ジュエルアップ／C,,,,,"¥13,317","-¥11,575","¥6,474","¥6,336","-¥11,485","-¥11,764","-¥11,549","¥6,532","¥6,277","¥34,071",¥0,¥0,¥0,¥0,¥0,¥0,¥0,¥0,¥0,¥0,¥0,¥0,¥0,¥0,¥0,¥0,¥0,¥0,¥0,¥0,¥0,¥0
粗利,uzou,吉田,ジュエルアップ／D,,,,,"¥21,846","¥56,975","-¥30,800",-¥275,"-¥2,600","-¥3,050","-¥11,900","¥10,176","-¥16,129","¥19,449",¥0,¥0,¥0,¥0,¥0,¥0,¥0,¥0,¥0,¥0,¥0,¥0,¥0,¥0,¥0,¥0,¥0,¥0,¥0,¥0,¥0,¥0
粗利,zucks,吉田,ジュエルアップ／E,,,,,"¥35,801","-¥10,467","¥3,091","-¥9,154","-¥44,646","¥20,304","¥72,186","-¥7,308","-¥24,205","¥36,000",¥0,¥0,¥0,¥0,¥0,¥0,¥0,¥0,¥0,¥0,¥0,¥0,¥0,¥0,¥0,¥0,¥0,¥0,¥0,¥0,¥0,¥0
粗利,Lucra,吉田,ジュエルアップ／G,,,,,"-¥46,596","-¥12,253","-¥32,330","¥3,093","-¥4,431",-¥675,¥0,¥0,¥0,¥0,¥0,¥0,¥0,¥0,¥0,¥0,¥0,¥0,¥0,¥0,¥0,¥0,¥0,¥0,¥0,¥0,¥0,¥0,¥0,¥0,¥0,¥0
粗利,gunosy,吉田,ジュエルアップ／H,,,,,"-¥146,205","-¥17,488","-¥39,162","¥9,709","-¥28,974","¥43,038","-¥39,440","-¥44,460","-¥14,165","-¥15,263",¥0,¥0,¥0,¥0,¥0,¥0,¥0,¥0,¥0,¥0,¥0,¥0,¥0,¥0,¥0,¥0,¥0,¥0,¥0,¥0,¥0,¥0
粗利,docomo,吉田,こうじ酵素,,,,,"-¥10,045","-¥5,877","¥6,736","-¥4,344","-¥4,307","-¥2,253",¥0,¥0,¥0,¥0,¥0,¥0,¥0,¥0,¥0,¥0,¥0,¥0,¥0,¥0,¥0,¥0,¥0,¥0,¥0,¥0,¥0,¥0,¥0,¥0,¥0,¥0
粗利,line,吉田,こうじ酵素,,,,,"-¥10,632","-¥6,068","-¥2,694","-¥1,870",¥0,¥0,¥0,¥0,¥0,¥0,¥0,¥0,¥0,¥0,¥0,¥0,¥0,¥0,¥0,¥0,¥0,¥0,¥0,¥0,¥0,¥0,¥0,¥0,¥0,¥0,¥0,¥0
粗利,関連記事,吉田,はははのは,,,,,¥0,¥0,¥0,¥0,¥0,¥0,¥0,¥0,¥0,¥0,¥0,¥0,¥0,¥0,¥0,¥0,¥0,¥0,¥0,¥0,¥0,¥0,¥0,¥0,¥0,¥0,¥0,¥0,¥0,¥0,¥0,¥0
粗利,docomo,吉田,ビューティーオープナー／2,,,,,"¥32,265","¥5,888","-¥9,281","¥44,515","-¥5,539","¥4,951","-¥4,219","¥3,774","-¥3,653","-¥4,171",¥0,¥0,¥0,¥0,¥0,¥0,¥0,¥0,¥0,¥0,¥0,¥0,¥0,¥0,¥0,¥0,¥0,¥0,¥0,¥0,¥0,¥0
粗利,line,吉田,ビューティーオープナー／1,,,,,"-¥17,624","-¥8,365","-¥10,255","¥1,786",-¥790,¥0,¥0,¥0,¥0,¥0,¥0,¥0,¥0,¥0,¥0,¥0,¥0,¥0,¥0,¥0,¥0,¥0,¥0,¥0,¥0,¥0,¥0,¥0,¥0,¥0,¥0,¥0
粗利,facebook,吉田,ビューティーオープナー／3,,,,,¥0,¥0,¥0,¥0,¥0,¥0,¥0,¥0,¥0,¥0,¥0,¥0,¥0,¥0,¥0,¥0,¥0,¥0,¥0,¥0,¥0,¥0,¥0,¥0,¥0,¥0,¥0,¥0,¥0,¥0,¥0,¥0
粗利,smartnews,吉田,ビューティーオープナー,,,,,"-¥41,732","-¥8,661","-¥8,663","-¥18,332","-¥6,076",¥0,¥0,¥0,¥0,¥0,¥0,¥0,¥0,¥0,¥0,¥0,¥0,¥0,¥0,¥0,¥0,¥0,¥0,¥0,¥0,¥0,¥0,¥0,¥0,¥0,¥0,¥0
粗利,line,吉田,キレイモ,,,,,"-¥3,313",-¥949,-¥390,-¥210,"-¥1,764",¥0,¥0,¥0,¥0,¥0,¥0,¥0,¥0,¥0,¥0,¥0,¥0,¥0,¥0,¥0,¥0,¥0,¥0,¥0,¥0,¥0,¥0,¥0,¥0,¥0,¥0,¥0
粗利,gunosy,吉田,キレイモ,,,,,¥0,¥0,¥0,¥0,¥0,¥0,¥0,¥0,¥0,¥0,¥0,¥0,¥0,¥0,¥0,¥0,¥0,¥0,¥0,¥0,¥0,¥0,¥0,¥0,¥0,¥0,¥0,¥0,¥0,¥0,¥0,¥0
粗利,smartnews,吉田,キレイモ,,,,,¥0,¥0,¥0,¥0,¥0,¥0,¥0,¥0,¥0,¥0,¥0,¥0,¥0,¥0,¥0,¥0,¥0,¥0,¥0,¥0,¥0,¥0,¥0,¥0,¥0,¥0,¥0,¥0,¥0,¥0,¥0,¥0
粗利,gunosy,吉田,シュガリミット,,,,,"-¥77,778","-¥17,384","-¥30,537","-¥4,690","-¥25,122",-¥45,¥0,¥0,¥0,¥0,¥0,¥0,¥0,¥0,¥0,¥0,¥0,¥0,¥0,¥0,¥0,¥0,¥0,¥0,¥0,¥0,¥0,¥0,¥0,¥0,¥0,¥0
粗利,LAP,山田,バランローズクリームシャンプー,,,,,"-¥60,664","-¥17,835","-¥18,821","-¥8,784","-¥15,224",¥0,¥0,¥0,¥0,¥0,¥0,¥0,¥0,¥0,¥0,¥0,¥0,¥0,¥0,¥0,¥0,¥0,¥0,¥0,¥0,¥0,¥0,¥0,¥0,¥0,¥0,¥0
粗利,facebook,山田,LAKUBI,,,,,¥0,¥0,¥0,¥0,¥0,¥0,¥0,¥0,¥0,¥0,¥0,¥0,¥0,¥0,¥0,¥0,¥0,¥0,¥0,¥0,¥0,¥0,¥0,¥0,¥0,¥0,¥0,¥0,¥0,¥0,¥0,¥0
粗利,facebook,山田,マナラホットクレンジング,,,,,¥0,¥0,¥0,¥0,¥0,¥0,¥0,¥0,¥0,¥0,¥0,¥0,¥0,¥0,¥0,¥0,¥0,¥0,¥0,¥0,¥0,¥0,¥0,¥0,¥0,¥0,¥0,¥0,¥0,¥0,¥0,¥0
粗利,LAP,山田,マナラホットクレンジング,,,,,"¥44,351","-¥16,686","-¥30,624","-¥27,722","¥34,623","-¥5,683","¥10,717","-¥2,686","¥31,412","¥51,000",¥0,¥0,¥0,¥0,¥0,¥0,¥0,¥0,¥0,¥0,¥0,¥0,¥0,¥0,¥0,¥0,¥0,¥0,¥0,¥0,¥0,¥0
粗利,docomo,山田,マナラホットクレンジング,,,,,"¥33,213","-¥2,472","¥5,042","¥5,670","¥12,602","-¥3,909","¥4,959","-¥5,377","¥1,505","¥15,193",¥0,¥0,¥0,¥0,¥0,¥0,¥0,¥0,¥0,¥0,¥0,¥0,¥0,¥0,¥0,¥0,¥0,¥0,¥0,¥0,¥0,¥0
粗利,docomo,山田,コンブチャ生サプリ,,,山田,,-¥907,-¥907,¥0,¥0,¥0,¥0,¥0,¥0,¥0,¥0,¥0,¥0,¥0,¥0,¥0,¥0,¥0,¥0,¥0,¥0,¥0,¥0,¥0,¥0,¥0,¥0,¥0,¥0,¥0,¥0,¥0,¥0
粗利,Lucra,山田,DUOホワイト,,,,,"-¥5,800","¥19,650","¥3,400","-¥14,500","-¥10,900","-¥3,450",¥0,¥0,¥0,¥0,¥0,¥0,¥0,¥0,¥0,¥0,¥0,¥0,¥0,¥0,¥0,¥0,¥0,¥0,¥0,¥0,¥0,¥0,¥0,¥0,¥0,¥0
粗利,docomo,山田,DUOホワイト,,,,,"-¥10,636",#REF!,¥0,¥0,¥0,¥0,¥0,¥0,¥0,¥0,¥0,¥0,¥0,¥0,¥0,¥0,¥0,¥0,¥0,¥0,¥0,¥0,¥0,¥0,¥0,¥0,¥0,¥0,¥0,¥0,¥0,¥0
粗利,LAP,山田,DUOクレンジングバーム,,,,,"-¥15,263","-¥2,329","-¥18,936","¥1,426","¥4,576",¥0,¥0,¥0,¥0,¥0,¥0,¥0,¥0,¥0,¥0,¥0,¥0,¥0,¥0,¥0,¥0,¥0,¥0,¥0,¥0,¥0,¥0,¥0,¥0,¥0,¥0,¥0
粗利,LAP,山田,肌ナチュール,,,,,"-¥20,639","-¥10,009","¥1,672","-¥7,520","-¥2,644","-¥2,138",¥0,¥0,¥0,¥0,¥0,¥0,¥0,¥0,¥0,¥0,¥0,¥0,¥0,¥0,¥0,¥0,¥0,¥0,¥0,¥0,¥0,¥0,¥0,¥0,¥0,¥0
粗利,関連記事,三宅,ブライトエイジ,,,,,"¥6,500",¥0,¥0,"¥6,500",¥0,¥0,¥0,¥0,¥0,¥0,¥0,¥0,¥0,¥0,¥0,¥0,¥0,¥0,¥0,¥0,¥0,¥0,¥0,¥0,¥0,¥0,¥0,¥0,¥0,¥0,¥0,¥0
粗利,docomo,三宅,ブライトエイジ,,,,,"-¥15,871",-¥465,"-¥1,147","-¥6,828","-¥9,077","-¥4,854",¥0,"¥6,500",¥0,¥0,¥0,¥0,¥0,¥0,¥0,¥0,¥0,¥0,¥0,¥0,¥0,¥0,¥0,¥0,¥0,¥0,¥0,¥0,¥0,¥0,¥0,¥0
粗利,evory,三宅,ジュエルアップ,,,,,"¥12,248","-¥4,839","-¥10,377","¥11,082","¥11,662","-¥9,117","-¥6,368","¥30,197","-¥6,712","-¥3,280",¥0,¥0,¥0,¥0,¥0,¥0,¥0,¥0,¥0,¥0,¥0,¥0,¥0,¥0,¥0,¥0,¥0,¥0,¥0,¥0,¥0,¥0
粗利,関連記事,三宅,スルスルこうそ,,,,,¥0,¥0,¥0,¥0,¥0,¥0,¥0,¥0,¥0,¥0,¥0,¥0,¥0,¥0,¥0,¥0,¥0,¥0,¥0,¥0,¥0,¥0,¥0,¥0,¥0,¥0,¥0,¥0,¥0,¥0,¥0,¥0
粗利,docomo,三宅,シミウス,,,,,"¥17,184","¥7,609","-¥2,596","¥4,039","¥9,131","¥18,981","-¥10,313","-¥28,688","¥13,600","¥5,421",¥0,¥0,¥0,¥0,¥0,¥0,¥0,¥0,¥0,¥0,¥0,¥0,¥0,¥0,¥0,¥0,¥0,¥0,¥0,¥0,¥0,¥0
粗利,line,三宅,シミウス,,,,,"¥80,627","-¥21,142","¥26,589","-¥25,679","¥30,237","-¥24,780","¥20,474","¥62,021","¥4,407","¥8,500",¥0,¥0,¥0,¥0,¥0,¥0,¥0,¥0,¥0,¥0,¥0,¥0,¥0,¥0,¥0,¥0,¥0,¥0,¥0,¥0,¥0,¥0
粗利,関連記事,三宅,シミウス,,,,,¥0,¥0,¥0,¥0,¥0,¥0,¥0,¥0,¥0,¥0,¥0,¥0,¥0,¥0,¥0,¥0,¥0,¥0,¥0,¥0,¥0,¥0,¥0,¥0,¥0,¥0,¥0,¥0,¥0,¥0,¥0,¥0
粗利,関連記事,三宅,わらびはだ,,,,,¥0,¥0,¥0,¥0,¥0,¥0,¥0,¥0,¥0,¥0,¥0,¥0,¥0,¥0,¥0,¥0,¥0,¥0,¥0,¥0,¥0,¥0,¥0,¥0,¥0,¥0,¥0,¥0,¥0,¥0,¥0,¥0
粗利,docomo,三宅,チェルラーブリリオ,,,,,"¥31,852","-¥6,396","¥8,040","-¥6,393","¥11,226","¥3,527","¥25,679","¥9,384","-¥7,677","-¥5,538",¥0,¥0,¥0,¥0,¥0,¥0,¥0,¥0,¥0,¥0,¥0,¥0,¥0,¥0,¥0,¥0,¥0,¥0,¥0,¥0,¥0,¥0
粗利,line,三宅,チェルラーブリリオ,,,,,"¥246,436","-¥11,940","¥15,631","-¥11,678","¥49,123","¥12,723","¥6,093","¥74,027","¥58,457","¥54,000",¥0,¥0,¥0,¥0,¥0,¥0,¥0,¥0,¥0,¥0,¥0,¥0,¥0,¥0,¥0,¥0,¥0,¥0,¥0,¥0,¥0,¥0
粗利,docomo,三宅,肥後すっぽんもろみ酢,,,,,"¥11,431","-¥2,428","¥2,882","¥12,470","-¥1,493",¥0,¥0,¥0,¥0,¥0,¥0,¥0,¥0,¥0,¥0,¥0,¥0,¥0,¥0,¥0,¥0,¥0,¥0,¥0,¥0,¥0,¥0,¥0,¥0,¥0,¥0,¥0
粗利,docomo,三宅,トリプルフォース,,,,,"-¥1,196",-¥279,-¥357,-¥95,-¥283,-¥182,¥0,¥0,¥0,¥0,¥0,¥0,¥0,¥0,¥0,¥0,¥0,¥0,¥0,¥0,¥0,¥0,¥0,¥0,¥0,¥0,¥0,¥0,¥0,¥0,¥0,¥0
粗利,関連記事,三宅,エルシーノ,,,エルシーノ,関連記事,¥0,¥0,¥0,¥0,¥0,¥0,¥0,¥0,¥0,¥0,¥0,¥0,¥0,¥0,¥0,¥0,¥0,¥0,¥0,¥0,¥0,¥0,¥0,¥0,¥0,¥0,¥0,¥0,¥0,¥0,¥0,¥0
粗利,google,三宅,マナラホットクレンジングゲル,,,マナラホットクレンジングゲル,google,"-¥3,969","-¥21,418","-¥14,266","-¥8,678","¥2,240","¥15,516","¥5,448","¥10,640","-¥1,951","¥8,500",¥0,¥0,¥0,¥0,¥0,¥0,¥0,¥0,¥0,¥0,¥0,¥0,¥0,¥0,¥0,¥0,¥0,¥0,¥0,¥0,¥0,¥0
粗利,google,三宅,DUOホワイト,,,DUOホワイト,google,"¥24,900","¥8,300",¥0,¥0,¥0,"¥8,300","¥8,300",¥0,¥0,¥0,¥0,¥0,¥0,¥0,¥0,¥0,¥0,¥0,¥0,¥0,¥0,¥0,¥0,¥0,¥0,¥0,¥0,¥0,¥0,¥0,¥0,¥0
粗利,google,三宅,ストレピア,,,ストレピア,google,"¥17,000",¥0,¥0,"¥8,500",¥0,"¥8,500",¥0,¥0,¥0,¥0,¥0,¥0,¥0,¥0,¥0,¥0,¥0,¥0,¥0,¥0,¥0,¥0,¥0,¥0,¥0,¥0,¥0,¥0,¥0,¥0,¥0,¥0
粗利,google,三宅,メルライン,,,メルライン,google,¥0,¥0,¥0,¥0,¥0,¥0,¥0,¥0,¥0,¥0,¥0,¥0,¥0,¥0,¥0,¥0,¥0,¥0,¥0,¥0,¥0,¥0,¥0,¥0,¥0,¥0,¥0,¥0,¥0,¥0,¥0,¥0
粗利,google,三宅,ライフラインベーシック,,,ライフラインベーシック,google,¥0,¥0,¥0,¥0,¥0,¥0,¥0,¥0,¥0,¥0,¥0,¥0,¥0,¥0,¥0,¥0,¥0,¥0,¥0,¥0,¥0,¥0,¥0,¥0,¥0,¥0,¥0,¥0,¥0,¥0,¥0,¥0
粗利,関連記事Nvv,笹川,LAKUBI（ラクビ）PA③⑤,,,,,"¥10,500",¥0,¥0,¥0,¥0,¥0,"¥10,500",¥0,¥0,¥0,¥0,¥0,¥0,¥0,¥0,¥0,¥0,¥0,¥0,¥0,¥0,¥0,¥0,¥0,¥0,¥0,¥0,¥0,¥0,¥0,¥0,¥0
粗利,docomo,笹川,LAKUBI（ラクビ）Z,,,,,"¥7,019","-¥5,962","¥5,963","¥6,789","-¥4,111","-¥2,711","-¥4,449","¥11,500",¥0,¥0,¥0,¥0,¥0,¥0,¥0,¥0,¥0,¥0,¥0,¥0,¥0,¥0,¥0,¥0,¥0,¥0,¥0,¥0,¥0,¥0,¥0,¥0
粗利,lap,笹川,LAKUBI（ラクビ）PA,,,,,"¥49,345","¥11,374","¥11,051","-¥12,318","¥15,238","¥12,000",¥0,¥0,¥0,"¥12,000",¥0,¥0,¥0,¥0,¥0,¥0,¥0,¥0,¥0,¥0,¥0,¥0,¥0,¥0,¥0,¥0,¥0,¥0,¥0,¥0,¥0,¥0
粗利,facebook,笹川,パールホワイト,,,,,"-¥50,359","-¥10,216","-¥18,527","-¥24,075","-¥12,461","-¥20,803","-¥14,093","¥12,316","¥37,500",¥0,¥0,¥0,¥0,¥0,¥0,¥0,¥0,¥0,¥0,¥0,¥0,¥0,¥0,¥0,¥0,¥0,¥0,¥0,¥0,¥0,¥0,¥0
粗利,docomo,笹川,パールホワイト,,,,,"¥15,621","-¥2,409","¥10,164","-¥1,891","-¥1,810",-¥565,-¥368,¥0,"¥12,500",¥0,¥0,¥0,¥0,¥0,¥0,¥0,¥0,¥0,¥0,¥0,¥0,¥0,¥0,¥0,¥0,¥0,¥0,¥0,¥0,¥0,¥0,¥0
粗利,gdn,笹川,パールクチュール,,,,,¥0,¥0,¥0,¥0,¥0,¥0,¥0,¥0,¥0,¥0,¥0,¥0,¥0,¥0,¥0,¥0,¥0,¥0,¥0,¥0,¥0,¥0,¥0,¥0,¥0,¥0,¥0,¥0,¥0,¥0,¥0,¥0
粗利,facebook,笹川,パールクチュール,,,,,¥0,¥0,¥0,¥0,¥0,¥0,¥0,¥0,¥0,¥0,¥0,¥0,¥0,¥0,¥0,¥0,¥0,¥0,¥0,¥0,¥0,¥0,¥0,¥0,¥0,¥0,¥0,¥0,¥0,¥0,¥0,¥0
粗利,lap,笹川,PG2ピュアエッセンス,,,,,"-¥6,099","-¥5,420","-¥13,614","-¥2,905","¥14,587","¥2,953","-¥3,710","¥2,010",¥0,¥0,¥0,¥0,¥0,¥0,¥0,¥0,¥0,¥0,¥0,¥0,¥0,¥0,¥0,¥0,¥0,¥0,¥0,¥0,¥0,¥0,¥0,¥0
粗利,lap,笹川,珠肌ランシェル,,,,,"¥13,100",¥0,¥0,¥0,¥0,¥0,"¥1,091","-¥3,991","¥16,000",¥0,¥0,¥0,¥0,¥0,¥0,¥0,¥0,¥0,¥0,¥0,¥0,¥0,¥0,¥0,¥0,¥0,¥0,¥0,¥0,¥0,¥0,¥0
粗利,smartnews,勝屋,クレムドアン,,,クレムドアン,,"¥6,131",¥0,¥0,"¥7,000",¥0,-¥251,-¥108,-¥464,-¥47,¥0,¥0,¥0,¥0,¥0,¥0,¥0,¥0,¥0,¥0,¥0,¥0,¥0,¥0,¥0,¥0,¥0,¥0,¥0,¥0,¥0,¥0,¥0
粗利,poets,勝屋,クレムドアン,,,クレムドアン,,"¥19,391","¥11,980","-¥2,534","-¥1,884","-¥1,675","-¥1,578","-¥1,548","-¥2,282","¥19,501",-¥589,¥0,¥0,¥0,¥0,¥0,¥0,¥0,¥0,¥0,¥0,¥0,¥0,¥0,¥0,¥0,¥0,¥0,¥0,¥0,¥0,¥0,¥0
粗利,docomo,勝屋,クレムドアン,,,クレムドアン,,"¥13,445","¥30,757","¥4,103","-¥16,948","¥3,387","¥3,577","-¥17,302","-¥16,327","-¥3,952","¥26,150",¥0,¥0,¥0,¥0,¥0,¥0,¥0,¥0,¥0,¥0,¥0,¥0,¥0,¥0,¥0,¥0,¥0,¥0,¥0,¥0,¥0,¥0
粗利,gunosy,勝屋,クレムドアン,,,クレムドアン,,-¥555,"¥2,213","¥3,131","¥9,997","-¥1,834","-¥2,778","-¥3,465","-¥3,771","-¥3,356",-¥692,¥0,¥0,¥0,¥0,¥0,¥0,¥0,¥0,¥0,¥0,¥0,¥0,¥0,¥0,¥0,¥0,¥0,¥0,¥0,¥0,¥0,¥0
粗利,lucra,勝屋,クレムドアン,,,クレムドアン,,¥0,¥0,¥0,¥0,¥0,¥0,¥0,¥0,¥0,¥0,¥0,¥0,¥0,¥0,¥0,¥0,¥0,¥0,¥0,¥0,¥0,¥0,¥0,¥0,¥0,¥0,¥0,¥0,¥0,¥0,¥0,¥0
粗利,poets,勝屋,クリスチャン・ココ,,,,,¥0,¥0,¥0,¥0,¥0,¥0,¥0,¥0,¥0,¥0,¥0,¥0,¥0,¥0,¥0,¥0,¥0,¥0,¥0,¥0,¥0,¥0,¥0,¥0,¥0,¥0,¥0,¥0,¥0,¥0,¥0,¥0
粗利,poets,勝屋,スベルトレディ,,,,,¥0,¥0,¥0,¥0,¥0,¥0,¥0,¥0,¥0,¥0,¥0,¥0,¥0,¥0,¥0,¥0,¥0,¥0,¥0,¥0,¥0,¥0,¥0,¥0,¥0,¥0,¥0,¥0,¥0,¥0,¥0,¥0
粗利,smartnews,勝屋,スベルトレディ,,,,,¥0,¥0,¥0,¥0,¥0,¥0,¥0,¥0,¥0,¥0,¥0,¥0,¥0,¥0,¥0,¥0,¥0,¥0,¥0,¥0,¥0,¥0,¥0,¥0,¥0,¥0,¥0,¥0,¥0,¥0,¥0,¥0
粗利,gunosy,勝屋,スベルトレディ,,,,,¥0,¥0,¥0,¥0,-¥50,-¥101,-¥81,¥0,¥0,¥0,¥0,¥0,¥0,¥0,¥0,¥0,¥0,¥0,¥0,¥0,¥0,¥0,¥0,¥0,¥0,¥0,¥0,¥0,¥0,¥0,¥0,¥0
粗利,gunosy,笹川,シミウス　記事①,,,,,"-¥6,278",¥0,¥0,¥0,¥0,¥0,¥0,¥0,¥0,"-¥6,278",¥0,¥0,¥0,¥0,¥0,¥0,¥0,¥0,¥0,¥0,¥0,¥0,¥0,¥0,¥0,¥0,¥0,¥0,¥0,¥0,¥0,¥0
粗利,gunosy,笹川,シミウス　記事②,,,,,"¥4,906",¥0,¥0,¥0,¥0,¥0,¥0,¥0,¥0,"¥4,906",¥0,¥0,¥0,¥0,¥0,¥0,¥0,¥0,¥0,¥0,¥0,¥0,¥0,¥0,¥0,¥0,¥0,¥0,¥0,¥0,¥0,¥0
粗利,gunosy,笹川,シミウス　記事③,,,,,"-¥1,260",¥0,¥0,¥0,¥0,¥0,¥0,¥0,¥0,"-¥1,260",¥0,¥0,¥0,¥0,¥0,¥0,¥0,¥0,¥0,¥0,¥0,¥0,¥0,¥0,¥0,¥0,¥0,¥0,¥0,¥0,¥0,¥0
粗利,gunosy,笹川,シミウス　記事④,,,,,"-¥25,280",¥0,¥0,¥0,¥0,¥0,¥0,¥0,¥0,"-¥25,280",¥0,¥0,¥0,¥0,¥0,¥0,¥0,¥0,¥0,¥0,¥0,¥0,¥0,¥0,¥0,¥0,¥0,¥0,¥0,¥0,¥0,¥0
粗利,台湾SEO,,ステラ菌活美人,,,,,¥0,¥0,¥0,¥0,¥0,¥0,¥0,¥0,¥0,¥0,¥0,¥0,¥0,¥0,¥0,¥0,¥0,¥0,¥0,¥0,¥0,¥0,¥0,¥0,¥0,¥0,¥0,¥0,¥0,¥0,¥0,¥0
粗利,台湾SEO,,エクスレッグスリマー,,,,,¥0,¥0,¥0,¥0,¥0,¥0,¥0,¥0,¥0,¥0,¥0,¥0,¥0,¥0,¥0,¥0,¥0,¥0,¥0,¥0,¥0,¥0,¥0,¥0,¥0,¥0,¥0,¥0,¥0,¥0,¥0,¥0
粗利,台湾SEO,,エクスレーブ,,,,,¥0,¥0,¥0,¥0,¥0,¥0,¥0,¥0,¥0,¥0,¥0,¥0,¥0,¥0,¥0,¥0,¥0,¥0,¥0,¥0,¥0,¥0,¥0,¥0,¥0,¥0,¥0,¥0,¥0,¥0,¥0,¥0
粗利,台湾SEO,,リブランコート,,,,,¥0,¥0,¥0,¥0,¥0,¥0,¥0,¥0,¥0,¥0,¥0,¥0,¥0,¥0,¥0,¥0,¥0,¥0,¥0,¥0,¥0,¥0,¥0,¥0,¥0,¥0,¥0,¥0,¥0,¥0,¥0,¥0
粗利,台湾SEO,BU,リブランコート,,,,,¥0,¥0,¥0,¥0,¥0,¥0,¥0,¥0,¥0,¥0,¥0,¥0,¥0,¥0,¥0,¥0,¥0,¥0,¥0,¥0,¥0,¥0,¥0,¥0,¥0,¥0,¥0,¥0,¥0,¥0,¥0,¥0
粗利,台湾SEO,,めっちゃ贅沢フルーツ青汁,,,,,¥0,¥0,¥0,¥0,¥0,¥0,¥0,¥0,¥0,¥0,¥0,¥0,¥0,¥0,¥0,¥0,¥0,¥0,¥0,¥0,¥0,¥0,¥0,¥0,¥0,¥0,¥0,¥0,¥0,¥0,¥0,¥0
粗利,台湾SEO,,素果青汁（すっきりフルーツ青汁）,,,,,¥0,¥0,¥0,¥0,¥0,¥0,¥0,¥0,¥0,¥0,¥0,¥0,¥0,¥0,¥0,¥0,¥0,¥0,¥0,¥0,¥0,¥0,¥0,¥0,¥0,¥0,¥0,¥0,¥0,¥0,¥0,¥0
粗利,台湾SEO,,Shirosai(PF切り替え前),,,,,¥0,¥0,¥0,¥0,¥0,¥0,¥0,¥0,¥0,¥0,¥0,¥0,¥0,¥0,¥0,¥0,¥0,¥0,¥0,¥0,¥0,¥0,¥0,¥0,¥0,¥0,¥0,¥0,¥0,¥0,¥0,¥0
粗利,台湾SEO,,Shirosai(PF切り替え前),,,,,¥0,¥0,¥0,¥0,¥0,¥0,¥0,¥0,¥0,¥0,¥0,¥0,¥0,¥0,¥0,¥0,¥0,¥0,¥0,¥0,¥0,¥0,¥0,¥0,¥0,¥0,¥0,¥0,¥0,¥0,¥0,¥0
粗利,台湾SEO,,【台湾用】ステラアリエス,,,,,¥0,¥0,¥0,¥0,¥0,¥0,¥0,¥0,¥0,¥0,¥0,¥0,¥0,¥0,¥0,¥0,¥0,¥0,¥0,¥0,¥0,¥0,¥0,¥0,¥0,¥0,¥0,¥0,¥0,¥0,¥0,¥0
粗利,台湾SEO,,バルクオム(PF切り替え前),,,,,¥0,¥0,¥0,¥0,¥0,¥0,¥0,¥0,¥0,¥0,¥0,¥0,¥0,¥0,¥0,¥0,¥0,¥0,¥0,¥0,¥0,¥0,¥0,¥0,¥0,¥0,¥0,¥0,¥0,¥0,¥0,¥0
粗利,台湾SEO,,バルクオム(PF切り替え前),,,,,¥0,¥0,¥0,¥0,¥0,¥0,¥0,¥0,¥0,¥0,¥0,¥0,¥0,¥0,¥0,¥0,¥0,¥0,¥0,¥0,¥0,¥0,¥0,¥0,¥0,¥0,¥0,¥0,¥0,¥0,¥0,¥0
粗利,台湾SEO,,HMBアルティメイト(PF切り替え前),,,,,¥0,¥0,¥0,¥0,¥0,¥0,¥0,¥0,¥0,¥0,¥0,¥0,¥0,¥0,¥0,¥0,¥0,¥0,¥0,¥0,¥0,¥0,¥0,¥0,¥0,¥0,¥0,¥0,¥0,¥0,¥0,¥0
粗利,台湾SEO,,HMBアルティメイト(PF切り替え後),,,,,¥0,¥0,¥0,¥0,¥0,¥0,¥0,¥0,¥0,¥0,¥0,¥0,¥0,¥0,¥0,¥0,¥0,¥0,¥0,¥0,¥0,¥0,¥0,¥0,¥0,¥0,¥0,¥0,¥0,¥0,¥0,¥0
粗利,台湾SEO,,DUO,,,,,¥0,¥0,¥0,¥0,¥0,¥0,¥0,¥0,¥0,¥0,¥0,¥0,¥0,¥0,¥0,¥0,¥0,¥0,¥0,¥0,¥0,¥0,¥0,¥0,¥0,¥0,¥0,¥0,¥0,¥0,¥0,¥0
粗利,台湾SEO,,ディノベート,,,,,¥0,¥0,¥0,¥0,¥0,¥0,¥0,¥0,¥0,¥0,¥0,¥0,¥0,¥0,¥0,¥0,¥0,¥0,¥0,¥0,¥0,¥0,¥0,¥0,¥0,¥0,¥0,¥0,¥0,¥0,¥0,¥0
粗利,台湾SEO,,よくばりきれいの生酵素,,,,,¥0,¥0,¥0,¥0,¥0,¥0,¥0,¥0,¥0,¥0,¥0,¥0,¥0,¥0,¥0,¥0,¥0,¥0,¥0,¥0,¥0,¥0,¥0,¥0,¥0,¥0,¥0,¥0,¥0,¥0,¥0,¥0
粗利,台湾SEO,,やまだの活きてる穀物酵素(山田農園穀物活酵素)	,,,,,¥0,¥0,¥0,¥0,¥0,¥0,¥0,¥0,¥0,¥0,¥0,¥0,¥0,¥0,¥0,¥0,¥0,¥0,¥0,¥0,¥0,¥0,¥0,¥0,¥0,¥0,¥0,¥0,¥0,¥0,¥0,¥0
粗利,台湾SEO,,perfectone,,,,,¥0,¥0,¥0,¥0,¥0,¥0,¥0,¥0,¥0,¥0,¥0,¥0,¥0,¥0,¥0,¥0,¥0,¥0,¥0,¥0,¥0,¥0,¥0,¥0,¥0,¥0,¥0,¥0,¥0,¥0,¥0,¥0
粗利,台湾SEO,,ヘラスリム(PF切り替え前),,,,,¥0,¥0,¥0,¥0,¥0,¥0,¥0,¥0,¥0,¥0,¥0,¥0,¥0,¥0,¥0,¥0,¥0,¥0,¥0,¥0,¥0,¥0,¥0,¥0,¥0,¥0,¥0,¥0,¥0,¥0,¥0,¥0
粗利,台湾SEO,,ヘラスリム(PF切り替え後),,,,,¥0,¥0,¥0,¥0,¥0,¥0,¥0,¥0,¥0,¥0,¥0,¥0,¥0,¥0,¥0,¥0,¥0,¥0,¥0,¥0,¥0,¥0,¥0,¥0,¥0,¥0,¥0,¥0,¥0,¥0,¥0,¥0
粗利,台湾SEO,,ブリリアージュ_新LP,,,,,¥0,¥0,¥0,¥0,¥0,¥0,¥0,¥0,¥0,¥0,¥0,¥0,¥0,¥0,¥0,¥0,¥0,¥0,¥0,¥0,¥0,¥0,¥0,¥0,¥0,¥0,¥0,¥0,¥0,¥0,¥0,¥0
粗利,台湾SEO,,very green smoothie,,,,,¥0,¥0,¥0,¥0,¥0,¥0,¥0,¥0,¥0,¥0,¥0,¥0,¥0,¥0,¥0,¥0,¥0,¥0,¥0,¥0,¥0,¥0,¥0,¥0,¥0,¥0,¥0,¥0,¥0,¥0,¥0,¥0
粗利,台湾SEO,,マンスールセラム,,,,,¥0,¥0,¥0,¥0,¥0,¥0,¥0,¥0,¥0,¥0,¥0,¥0,¥0,¥0,¥0,¥0,¥0,¥0,¥0,¥0,¥0,¥0,¥0,¥0,¥0,¥0,¥0,¥0,¥0,¥0,¥0,¥0
粗利,台湾SEO,,重ね発酵ハーブ茶,,,,,¥0,¥0,¥0,¥0,¥0,¥0,¥0,¥0,¥0,¥0,¥0,¥0,¥0,¥0,¥0,¥0,¥0,¥0,¥0,¥0,¥0,¥0,¥0,¥0,¥0,¥0,¥0,¥0,¥0,¥0,¥0,¥0
粗利,台湾SEO,,iマイクロパッチ,,,,,¥0,¥0,¥0,¥0,¥0,¥0,¥0,¥0,¥0,¥0,¥0,¥0,¥0,¥0,¥0,¥0,¥0,¥0,¥0,¥0,¥0,¥0,¥0,¥0,¥0,¥0,¥0,¥0,¥0,¥0,¥0,¥0
粗利,台湾SEO,,すっぽんスリム,,,,,¥0,¥0,¥0,¥0,¥0,¥0,¥0,¥0,¥0,¥0,¥0,¥0,¥0,¥0,¥0,¥0,¥0,¥0,¥0,¥0,¥0,¥0,¥0,¥0,¥0,¥0,¥0,¥0,¥0,¥0,¥0,¥0
粗利,台湾SEO,,豐麗EX,,,,,¥0,¥0,¥0,¥0,¥0,¥0,¥0,¥0,¥0,¥0,¥0,¥0,¥0,¥0,¥0,¥0,¥0,¥0,¥0,¥0,¥0,¥0,¥0,¥0,¥0,¥0,¥0,¥0,¥0,¥0,¥0,¥0
粗利,台湾SEO,,Simply Fit,,,,,¥0,¥0,¥0,¥0,¥0,¥0,¥0,¥0,¥0,¥0,¥0,¥0,¥0,¥0,¥0,¥0,¥0,¥0,¥0,¥0,¥0,¥0,¥0,¥0,¥0,¥0,¥0,¥0,¥0,¥0,¥0,¥0
粗利,台湾SEO,,maNara(1番),,,,,¥0,¥0,¥0,¥0,¥0,¥0,¥0,¥0,¥0,¥0,¥0,¥0,¥0,¥0,¥0,¥0,¥0,¥0,¥0,¥0,¥0,¥0,¥0,¥0,¥0,¥0,¥0,¥0,¥0,¥0,¥0,¥0
粗利,台湾SEO,,ViTAKT,,,,,¥0,¥0,¥0,¥0,¥0,¥0,¥0,¥0,¥0,¥0,¥0,¥0,¥0,¥0,¥0,¥0,¥0,¥0,¥0,¥0,¥0,¥0,¥0,¥0,¥0,¥0,¥0,¥0,¥0,¥0,¥0,¥0
粗利,台湾SEO,,ナイトアイボーテ,,,,,¥0,¥0,¥0,¥0,¥0,¥0,¥0,¥0,¥0,¥0,¥0,¥0,¥0,¥0,¥0,¥0,¥0,¥0,¥0,¥0,¥0,¥0,¥0,¥0,¥0,¥0,¥0,¥0,¥0,¥0,¥0,¥0
粗利,台湾SEO,,DMJ葛の花減脂粒,,,,,¥0,¥0,¥0,¥0,¥0,¥0,¥0,¥0,¥0,¥0,¥0,¥0,¥0,¥0,¥0,¥0,¥0,¥0,¥0,¥0,¥0,¥0,¥0,¥0,¥0,¥0,¥0,¥0,¥0,¥0,¥0,¥0
粗利,台湾SEO,,デリーモ(PF切り替え前),,,,,¥0,¥0,¥0,¥0,¥0,¥0,¥0,¥0,¥0,¥0,¥0,¥0,¥0,¥0,¥0,¥0,¥0,¥0,¥0,¥0,¥0,¥0,¥0,¥0,¥0,¥0,¥0,¥0,¥0,¥0,¥0,¥0
粗利,台湾SEO,,デリーモ(PF切り替え前),,,,,¥0,¥0,¥0,¥0,¥0,¥0,¥0,¥0,¥0,¥0,¥0,¥0,¥0,¥0,¥0,¥0,¥0,¥0,¥0,¥0,¥0,¥0,¥0,¥0,¥0,¥0,¥0,¥0,¥0,¥0,¥0,¥0
粗利,台湾SEO,,はピート,,,,,¥0,¥0,¥0,¥0,¥0,¥0,¥0,¥0,¥0,¥0,¥0,¥0,¥0,¥0,¥0,¥0,¥0,¥0,¥0,¥0,¥0,¥0,¥0,¥0,¥0,¥0,¥0,¥0,¥0,¥0,¥0,¥0
粗利,台湾SEO,,アロンザ,,,,,¥0,¥0,¥0,¥0,¥0,¥0,¥0,¥0,¥0,¥0,¥0,¥0,¥0,¥0,¥0,¥0,¥0,¥0,¥0,¥0,¥0,¥0,¥0,¥0,¥0,¥0,¥0,¥0,¥0,¥0,¥0,¥0
粗利,台湾SEO,,マキシマムマッスル,,,,,¥0,¥0,¥0,¥0,¥0,¥0,¥0,¥0,¥0,¥0,¥0,¥0,¥0,¥0,¥0,¥0,¥0,¥0,¥0,¥0,¥0,¥0,¥0,¥0,¥0,¥0,¥0,¥0,¥0,¥0,¥0,¥0
粗利,台湾SEO,,快朝酵素,,,,,¥0,¥0,¥0,¥0,¥0,¥0,¥0,¥0,¥0,¥0,¥0,¥0,¥0,¥0,¥0,¥0,¥0,¥0,¥0,¥0,¥0,¥0,¥0,¥0,¥0,¥0,¥0,¥0,¥0,¥0,¥0,¥0
粗利,台湾SEO,,プレミアムベルエタンセル,,,,,,,,,,,,,,,,,,,,,,,,,,,,,,,,,,,,
粗利,LIL,,スララーナ,,,,,¥0,¥0,¥0,¥0,¥0,¥0,¥0,¥0,¥0,¥0,¥0,¥0,¥0,¥0,¥0,¥0,¥0,¥0,¥0,¥0,¥0,¥0,¥0,¥0,¥0,¥0,¥0,¥0,¥0,¥0,¥0,¥0
粗利,LIL,,スルスルむくみん,,,,,¥0,¥0,¥0,¥0,¥0,¥0,¥0,¥0,¥0,¥0,¥0,¥0,¥0,¥0,¥0,¥0,¥0,¥0,¥0,¥0,¥0,¥0,¥0,¥0,¥0,¥0,¥0,¥0,¥0,¥0,¥0,¥0
粗利,LIL,,スラキュア,,,,,¥0,¥0,¥0,¥0,¥0,¥0,¥0,¥0,¥0,¥0,¥0,¥0,¥0,¥0,¥0,¥0,¥0,¥0,¥0,¥0,¥0,¥0,¥0,¥0,¥0,¥0,¥0,¥0,¥0,¥0,¥0,¥0
粗利,LIL,,LAKUBI,,,,,¥0,¥0,¥0,¥0,¥0,¥0,¥0,¥0,¥0,¥0,¥0,¥0,¥0,¥0,¥0,¥0,¥0,¥0,¥0,¥0,¥0,¥0,¥0,¥0,¥0,¥0,¥0,¥0,¥0,¥0,¥0,¥0
粗利,LIL,,ブレッシュ,,,,,¥0,¥0,¥0,¥0,¥0,¥0,¥0,¥0,¥0,¥0,¥0,¥0,¥0,¥0,¥0,¥0,¥0,¥0,¥0,¥0,¥0,¥0,¥0,¥0,¥0,¥0,¥0,¥0,¥0,¥0,¥0,¥0
粗利,LIL,,肥後すっぽんもろみ酢,,,,,¥0,¥0,¥0,¥0,¥0,¥0,¥0,¥0,¥0,¥0,¥0,¥0,¥0,¥0,¥0,¥0,¥0,¥0,¥0,¥0,¥0,¥0,¥0,¥0,¥0,¥0,¥0,¥0,¥0,¥0,¥0,¥0
粗利,LIL,,こうじ酵素,,,,,¥0,¥0,¥0,¥0,¥0,¥0,¥0,¥0,¥0,¥0,¥0,¥0,¥0,¥0,¥0,¥0,¥0,¥0,¥0,¥0,¥0,¥0,¥0,¥0,¥0,¥0,¥0,¥0,¥0,¥0,¥0,¥0
粗利,LIL,,エルシーノ,,,,,¥0,¥0,¥0,¥0,¥0,¥0,¥0,¥0,¥0,¥0,¥0,¥0,¥0,¥0,¥0,¥0,¥0,¥0,¥0,¥0,¥0,¥0,¥0,¥0,¥0,¥0,¥0,¥0,¥0,¥0,¥0,¥0
,,,,,,,,,,,,,,,,,,,,,,,,,,,,,,,,,,,,,,,
,,,navivi記事下データ,https://docs.google.com/spreadsheets/d/1KoLg5j6KTJ3_K2jhTJnwWZxHOXosWJBYzxNwjE-P224/edit#gid=0,,,,,,,,,,,,,,,,,,,,,,,,,,,,,,,,,,,
,,,,,,,,,,,,,,,,,,,,,,,,,,,,,,,,,,,,,,,
click,山田,,シュガリミット,zucks_affiliate,full_out_2_06a035d4d4e164cead36e8a8686328ab,,,0,,0,0,0,0,0,0,0,0,,,,,,,,,,,,,,,,,,,,,,
click,山田,GunoRT,シュガリミット,zucks_affiliate,full_out_1_06a035d4d4e164cead36e8a8686328ab,,,0,,0,0,0,0,0,0,0,0,,,,,,,,,,,,,,,,,,,,,,
click,山田,Adwords,スルッと酵素×ドサッと酵母,zucks_affiliate,full_out_1_d257c747cbbb8737e66cd6fb200ae81d,,,0,,0,0,0,0,0,0,0,0,,,,,,,,,,,,,,,,,,,,,,
click,山田,poets,カロバイ,access_trade,1068715,,,6,,2,1,0,1,0,0,1,1,,,,,,,,,,,,,,,,,,,,,,
click,山田,poets,もぎたて,zucks_affiliate,full_out_3_d0bdd936a6f52721bb6830ad01bba284,,,0,,0,0,0,0,0,0,0,0,,,,,,,,,,,,,,,,,,,,,,
click,山田,Gunosy,厳選生酵素,onde,9759,,,10,,0,2,1,2,1,2,1,1,,,,,,,,,,,,,,,,,,,,,,
click,山田,Adwords,スルスルむくみん,zucks_affiliate,full_out_2_f82cfad3159bc26e608ee0b44ec827a8,,,0,,0,0,0,0,0,0,0,0,,,,,,,,,,,,,,,,,,,,,,
click,山田,docomo,もぎたて,zucks_affiliate,full_out_2_d0bdd936a6f52721bb6830ad01bba284,,,0,,0,0,0,0,0,0,0,0,,,,,,,,,,,,,,,,,,,,,,
click,山田,Adwords,もぎたて,zucks_affiliate,full_out_1_d0bdd936a6f52721bb6830ad01bba284,,,0,,0,0,0,0,0,0,0,0,,,,,,,,,,,,,,,,,,,,,,
click,山田,Xlift,こうじ酵素,result_plus,5286_9172,,,5,,1,1,0,1,0,0,1,1,,,,,,,,,,,,,,,,,,,,,,
click,山田,akane,コンブチャ生サプリ,access_trade,1059390,,,0,,0,0,0,0,0,0,0,0,,,,,,,,,,,,,,,,,,,,,,
click,山田,もぎたて,docomo,zucks_affiliate,full_out_2_d0bdd936a6f52721bb6830ad01bba284,,,0,,0,0,0,0,0,0,0,0,,,,,,,,,,,,,,,,,,,,,,
click,,,,,,,,0,,,,,,,,,,,,,,,,,,,,,,,,,,,,,,,
click,,,,,,,,0,,,,,,,,,,,,,,,,,,,,,,,,,,,,,,,
click,,,,,,,,0,,,,,,,,,,,,,,,,,,,,,,,,,,,,,,,
click,,,,,,,,0,,,,,,,,,,,,,,,,,,,,,,,,,,,,,,,
click,,,,,,,,0,,,,,,,,,,,,,,,,,,,,,,,,,,,,,,,
click,,,,,,,,0,,,,,,,,,,,,,,,,,,,,,,,,,,,,,,,
click,,,,,,,,0,,,,,,,,,,,,,,,,,,,,,,,,,,,,,,,
click,,,,,,,,0,,,,,,,,,,,,,,,,,,,,,,,,,,,,,,,
click,,,,,,,,0,,,,,,,,,,,,,,,,,,,,,,,,,,,,,,,
click,,,,,,,,0,,,,,,,,,,,,,,,,,,,,,,,,,,,,,,,
click,勝屋,ydn,このこのごはん,zucks_affiliate,fs_3_aa5f7e46f76d299dec029f254d92a49d,,,0,,0,0,0,0,0,0,0,0,,,,,,,,,,,,,,,,,,,,,,
click,,,,,,,,,,,,,,,,,,,,,,,,,,,,,,,,,,,,,,,
click,,,,,,,,0,,,,,,,,,,,,,,,,,,,,,,,,,,,,,,,
click,三宅,G比較,マナラホットクレンジングゲル,zucks_affiliate,fs_1_db020f591306c7f9aae438864c75ac94,,,0,,17,25,15,15,16,24,13,11,,,,,,,,,,,,,,,,,,,,,,
click,三宅,G比較,DUOホワイト,result_plus,4654_10577,,,0,,8,4,7,8,6,7,9,0,,,,,,,,,,,,,,,,,,,,,,
click,三宅,G比較,ストレピア,zucks_affiliate,fs_1_dc23a77de6b21565e92d9a990a1065ec,,,0,,5,11,19,14,6,17,4,8,,,,,,,,,,,,,,,,,,,,,,
click,三宅,G比較,メルライン,result_plus,13652_27889,,,0,,0,1,1,1,0,1,0,1,,,,,,,,,,,,,,,,,,,,,,
click,三宅,G比較,ライフラインベーシック,result_plus,4083_11600,,,0,,0,0,0,0,0,0,0,0,,,,,,,,,,,,,,,,,,,,,,
click,三宅,docomoAD,チェルラーブリリオ,result_plus,13652_27076,,,728,,71,102,99,73,121,126,101,35,,,,,,,,,,,,,,,,,,,,,,
click,三宅,lap,,,,,,0,,,,,,,,,,,,,,,,,,,,,,,,,,,,,,,
click,三宅,lap,,,,,,0,,,,,,,,,,,,,,,,,,,,,,,,,,,,,,,
click,三宅,docomo,トリプルフォース,result_plus,5932_11520,,,7,,2,2,0,1,0,0,2,0,,,,,,,,,,,,,,,,,,,,,,
click,三宅,line,シミウス,scadnet,other_1        ,,,50,,12,4,5,2,8,11,7,1,,,,,,,,,,,,,,,,,,,,,,
click,三宅,line,シミウス,scadnet,lap_4,,,11,,,0,5,1,1,4,0,0,,,,,,,,,,,,,,,,,,,,,,
,,,,END,,,,,,,,,,,,,,,,,,,,,,,,,,,,,,,,,,,
,,,,,,,,,,,,,,,,,,,,,,,,,,,,,,,,,,,,,,,
,,,,,,,,,,,,,,,,,,,,,,,,,,,,,,,,,,,,,,,
mcvr,GenieeDSP,吉田,ジュエルアップ／A,,,,,,,,,,,,,,,,,,,,,,,,,,,,,,,,,,,,
mcvr,imobile,吉田,ジュエルアップ／B,,,,,,0.00%,,,,,,,0.00%,,,,,,,,,,,,,,,,,,,,,,,
mcvr,pista,吉田,ジュエルアップ／C,,,,,,85400.00%,3.65%,5.93%,3.38%,3.84%,3.00%,5.02%,58900.00%,4.71%,,,,,,,,,,,,,,,,,,,,,,
mcvr,uzou,吉田,ジュエルアップ／D,,,,,,132100.00%,4.14%,3.58%,4.08%,3.91%,2.97%,4.37%,129200.00%,7.50%,,,,,,,,,,,,,,,,,,,,,,
mcvr,zucks,吉田,ジュエルアップ／E,,,,,,207700.00%,3.31%,3.91%,2.80%,3.60%,3.37%,2.28%,249700.00%,,,,,,,,,,,,,,,,,,,,,,,
mcvr,Lucra,吉田,ジュエルアップ／G,,,,,,44700.00%,3.66%,12.72%,19.05%,77.78%,,,0.00%,,,,,,,,,,,,,,,,,,,,,,,
mcvr,gunosy,吉田,ジュエルアップ／H,,,,,,261200.00%,3.78%,3.60%,4.37%,3.01%,2.83%,2.54%,159900.00%,4.10%,,,,,,,,,,,,,,,,,,,,,,
mcvr,docomo,吉田,こうじ酵素,,,,,,5200.00%,110.91%,104.88%,105.26%,100.00%,,,0.00%,,,,,,,,,,,,,,,,,,,,,,,
mcvr,line,吉田,こうじ酵素,,,,,,,,,,,,,,,,,,,,,,,,,,,,,,,,,,,,
mcvr,関連記事,吉田,はははのは,,,,,,,,,,,,,,,,,,,,,,,,,,,,,,,,,,,,
mcvr,docomo,吉田,ビューティーオープナー／2,,,,,,10700.00%,,,,,,,1500.00%,,,,,,,,,,,,,,,,,,,,,,,
mcvr,line,吉田,ビューティーオープナー／1,,,,,,,,,,,,,,,,,,,,,,,,,,,,,,,,,,,,
mcvr,facebook,吉田,ビューティーオープナー／3,,,,,,,,,,,,,,,,,,,,,,,,,,,,,,,,,,,,
mcvr,smartnews,吉田,ビューティーオープナー,,,,,,31500.00%,,,,,,,0.00%,,,,,,,,,,,,,,,,,,,,,,,
mcvr,line,吉田,キレイモ,,,,,,,,,,,,,,,,,,,,,,,,,,,,,,,,,,,,
mcvr,gunosy,吉田,キレイモ,,,,,,0.00%,,,,,,,0.00%,,,,,,,,,,,,,,,,,,,,,,,
mcvr,smartnews,吉田,キレイモ,,,,,,,,,,,,,,,,,,,,,,,,,,,,,,,,,,,,
mcvr,gunosy,吉田,シュガリミット,,,,,,67300.00%,,,,,,,0.00%,,,,,,,,,,,,,,,,,,,,,,,
mcvr,LAP,山田,バランローズクリームシャンプー,,,,,,,,,,,,,,,,,,,,,,,,,,,,,,,,,,,,
mcvr,facebook,山田,LAKUBI,,,,,,,,,,,,,,,,,,,,,,,,,,,,,,,,,,,,
mcvr,facebook,山田,マナラホットクレンジング,,,,,,,,,,,,,,,,,,,,,,,,,,,,,,,,,,,,
mcvr,LAP,山田,マナラホットクレンジング,,,,,,,,,,,,,,,,,,,,,,,,,,,,,,,,,,,,
mcvr,docomo,山田,マナラホットクレンジング,,,,,,2400.00%,38.24%,37.14%,57.14%,41.18%,29.27%,51.16%,4800.00%,128.57%,,,,,,,,,,,,,,,,,,,,,,
mcvr,docomo,山田,コンブチャ生サプリ,,,,,,1900.00%,,,,,,,0.00%,,,,,,,,,,,,,,,,,,,,,,,
mcvr,Lucra,山田,DUOホワイト,,,,,,43700.00%,9.40%,9.21%,6.25%,11.59%,,,0.00%,,,,,,,,,,,,,,,,,,,,,,,
mcvr,docomo,山田,DUOホワイト,,,,,,0.00%,,,,,,,0.00%,,,,,,,,,,,,,,,,,,,,,,,
mcvr,LAP,山田,DUOクレンジングバーム,,,,,,,,,,,,,,,,,,,,,,,,,,,,,,,,,,,,
mcvr,LAP,山田,肌ナチュール,,,,,,,,,,,,,,,,,,,,,,,,,,,,,,,,,,,,
mcvr,関連記事,三宅,ブライトエイジ,,,,,,,,,,,,,,,,,,,,,,,,,,,,,,,,,,,,
mcvr,docomo,三宅,ブライトエイジ,,,,,,3300.00%,108.11%,114.71%,108.89%,104.35%,,,0.00%,,,,,,,,,,,,,,,,,,,,,,,
mcvr,evory,三宅,ジュエルアップ,,,,,,5700.00%,12.63%,31.03%,21.67%,11.96%,8.06%,23.08%,5000.00%,17.24%,,,,,,,,,,,,,,,,,,,,,,
mcvr,関連記事,,スルスルこうそ,,,,,,,,,,,,,,,,,,,,,,,,,,,,,,,,,,,,
mcvr,関連記事,三宅,シミウス,,,,,,8700.00%,64.94%,55.56%,73.08%,82.05%,71.97%,80.00%,13700.00%,87.69%,,,,,,,,,,,,,,,,,,,,,,
mcvr,docomo,三宅,シミウス,,,,,,8700.00%,,,,,,,,,,,,,,,,,,,,,,,,,,,,,,
mcvr,line,三宅,シミウス,,,,,,,,,,,,,,,,,,,,,,,,,,,,,,,,,,,,
mcvr,関連記事,三宅,わらびはだ,,,,,,,,,,,,,,,,,,,,,,,,,,,,,,,,,,,,
mcvr,関連記事,三宅,チェルラーブリリオ,,,,,,4500.00%,57.63%,36.54%,48.89%,42.11%,64.06%,50.98%,4900.00%,79.31%,,,,,,,,,,,,,,,,,,,,,,
mcvr,docomo,三宅,チェルラーブリリオ,,,,,,4500.00%,,,200.00%,,,,,,,,,,,,,,,,,,,,,,,,,,,
mcvr,docomo,三宅,肥後すっぽんもろみ酢,,,,,,5900.00%,25.00%,17.74%,18.42%,,,,0.00%,,,,,,,,,,,,,,,,,,,,,,,
mcvr,docomo,三宅,トリプルフォース,,,,,,400.00%,33.33%,66.67%,,100.00%,,,0.00%,,,,,,,,,,,,,,,,,,,,,,,
mcvr,関連記事,三宅,エルシーノ,,,,,,,,,,,,,,,,,,,,,,,,,,,,,,,,,,,,
mcvr,google,三宅,マナラホットクレンジングゲル,,,,,,,,,,,,,,,,,,,,,,,,,,,,,,,,,,,,
mcvr,google,三宅,DUOホワイト,,,,,,,,,,,,,,,,,,,,,,,,,,,,,,,,,,,,
mcvr,google,三宅,ストレピア,,,,,,,,,,,,,,,,,,,,,,,,,,,,,,,,,,,,
mcvr,google,三宅,メルライン,,,,,,,,,,,,,,,,,,,,,,,,,,,,,,,,,,,,
mcvr,google,三宅,ライフラインベーシック,,,,,,,,,,,,,,,,,,,,,,,,,,,,,,,,,,,,
mcvr,関連記事Nvv,笹川,LAKUBI（ラクビ）PA③⑤,,,,,,,,,,,,,,,,,,,,,,,,,,,,,,,,,,,,
mcvr,docomo,笹川,LAKUBI（ラクビ）Z,,,,,,4300.00%,97.73%,86.84%,86.49%,100.00%,107.69%,,0.00%,,,,,,,,,,,,,,,,,,,,,,,
mcvr,lap,笹川,LAKUBI（ラクビ）PA,,,,,,,,,,,,,,,,,,,,,,,,,,,,,,,,,,,,
mcvr,facebook,笹川,パールホワイト,,,,,,,,,100.00%,,,,,,,,,,,,,,,,,,,,,,,,,,,
mcvr,docomo,笹川,パールホワイト,,,,,,1900.00%,,41.18%,47.37%,50.00%,100.00%,,0.00%,,,,,,,,,,,,,,,,,,,,,,,
mcvr,gdn,笹川,パールクチュール,,,,,,,,,,,,,,,,,,,,,,,,,,,,,,,,,,,,
mcvr,facebook,笹川,パールクチュール,,,GDN,,,,,,,,,,,,,,,,,,,,,,,,,,,,,,,,,
mcvr,lap,笹川,PG2ピュアエッセンス,,,,,,,,,,,,,,,,,,,,,,,,,,,,,,,,,,,,
mcvr,lap,笹川,珠肌ランシェル,,,,,,,,,,,,,,,,,,,,,,,,,,,,,,,,,,,,
mcvr,smartnews,勝屋,クレムドアン,,,,,,0.00%,,,,,,,400.00%,,,,,,,,,,,,,,,,,,,,,,,
mcvr,poets,勝屋,クレムドアン,,,,,,2800.00%,,,,,,,2100.00%,,,,,,,,,,,,,,,,,,,,,,,
mcvr,docomo,勝屋,クレムドアン,,,,,,27600.00%,,,,,,,36500.00%,,,,,,,,,,,,,,,,,,,,,,,
mcvr,gunosy,勝屋,クレムドアン,,,,,,3500.00%,,,,,,,2700.00%,,,,,,,,,,,,,,,,,,,,,,,
mcvr,lucra,勝屋,クレムドアン,,,,,,0.00%,,,,,,,0.00%,,,,,,,,,,,,,,,,,,,,,,,
mcvr,poets,勝屋,クリスチャン・ココ,,,,,,0.00%,,,,,,,0.00%,,,,,,,,,,,,,,,,,,,,,,,
mcvr,poets,勝屋,スベルトレディ,,,,,,0.00%,,,,,,,0.00%,,,,,,,,,,,,,,,,,,,,,,,
mcvr,smartnews,勝屋,スベルトレディ,,,,,,0.00%,,,,,,,0.00%,,,,,,,,,,,,,,,,,,,,,,,
mcvr,gunosy,勝屋,スベルトレディ,,,,,,0.00%,,,,,,,0.00%,,,,,,,,,,,,,,,,,,,,,,,
mcvr,gunosy,笹川,シミウス　記事①,,,,,,0.00%,,,,,,,0.00%,4.31%,,,,,,,,,,,,,,,,,,,,,,
mcvr,gunosy,笹川,シミウス　記事②,,,,,,0.00%,,,,,,,0.00%,7.63%,,,,,,,,,,,,,,,,,,,,,,
mcvr,gunosy,笹川,シミウス　記事③,,,,,,0.00%,,,,,,,0.00%,5.41%,,,,,,,,,,,,,,,,,,,,,,
mcvr,gunosy,笹川,シミウス　記事④,,,,,,0.00%,,,,,,,0.00%,4.35%,,,,,,,,,,,,,,,,,,,,,,
mcvr,台湾SEO,,ステラ菌活美人,,,,,,,,,,,,,,,,,,,,,,,,,,,,,,,,,,,,
mcvr,台湾SEO,,エクスレッグスリマー,,,,,,,,,,,,,,,,,,,,,,,,,,,,,,,,,,,,
mcvr,台湾SEO,,エクスレーブ,,,,,,,,,,,,,,,,,,,,,,,,,,,,,,,,,,,,
mcvr,台湾SEO,,リブランコート,,,,,,0.00%,,,,,,,0.00%,,,,,,,,,,,,,,,,,,,,,,,
mcvr,台湾SEO,BU,リブランコート,,,,,,,,,,,,,,,,,,,,,,,,,,,,,,,,,,,,
mcvr,台湾SEO,,めっちゃ贅沢フルーツ青汁,,,,,,,,,,,,,,,,,,,,,,,,,,,,,,,,,,,,
mcvr,台湾SEO,,素果青汁（すっきりフルーツ青汁）,,,,,,0.00%,,,,,,,0.00%,,,,,,,,,,,,,,,,,,,,,,,
mcvr,台湾SEO,,Shirosai(PF切り替え前),,,,,,0.00%,,,,,,,0.00%,,,,,,,,,,,,,,,,,,,,,,,
mcvr,台湾SEO,,Shirosai(PF切り替え前),,,,,,,,,,,,,,,,,,,,,,,,,,,,,,,,,,,,
mcvr,台湾SEO,,【台湾用】ステラアリエス,,,,,,0.00%,,,,,,,0.00%,,,,,,,,,,,,,,,,,,,,,,,
mcvr,台湾SEO,,バルクオム(PF切り替え前),,,,,,0.00%,,,,,,,0.00%,,,,,,,,,,,,,,,,,,,,,,,
mcvr,台湾SEO,,バルクオム(PF切り替え前),,,,,,0.00%,,,,,,,0.00%,,,,,,,,,,,,,,,,,,,,,,,
mcvr,台湾SEO,,HMBアルティメイト(PF切り替え前),,,,,,0.00%,,,,,,,0.00%,,,,,,,,,,,,,,,,,,,,,,,
mcvr,台湾SEO,,HMBアルティメイト(PF切り替え後),,,,,,,,,,,,,,,,,,,,,,,,,,,,,,,,,,,,
mcvr,台湾SEO,,DUO,,,,,,,,,,,,,,,,,,,,,,,,,,,,,,,,,,,,
mcvr,台湾SEO,,ディノベート,,,,,,,,,,,,,,,,,,,,,,,,,,,,,,,,,,,,
mcvr,台湾SEO,,よくばりきれいの生酵素,,,,,,,,,,,,,,,,,,,,,,,,,,,,,,,,,,,,
mcvr,台湾SEO,,やまだの活きてる穀物酵素(山田農園穀物活酵素)	,,,,,,,,,,,,,,,,,,,,,,,,,,,,,,,,,,,,
mcvr,台湾SEO,,perfectone,,,,,,0.00%,,,,,,,0.00%,,,,,,,,,,,,,,,,,,,,,,,
mcvr,台湾SEO,,ヘラスリム(PF切り替え前),,,,,,0.00%,,,,,,,0.00%,,,,,,,,,,,,,,,,,,,,,,,
mcvr,台湾SEO,,ヘラスリム(PF切り替え後),,,,,,0.00%,,,,,,,0.00%,,,,,,,,,,,,,,,,,,,,,,,
mcvr,台湾SEO,,ブリリアージュ_新LP,,,,,,0.00%,,,,,,,0.00%,,,,,,,,,,,,,,,,,,,,,,,
mcvr,台湾SEO,,very green smoothie,,,,,,0.00%,,,,,,,0.00%,,,,,,,,,,,,,,,,,,,,,,,
mcvr,台湾SEO,,マンスールセラム,,,,,,0.00%,,,,,,,0.00%,,,,,,,,,,,,,,,,,,,,,,,
mcvr,台湾SEO,,重ね発酵ハーブ茶,,,,,,0.00%,,,,,,,0.00%,,,,,,,,,,,,,,,,,,,,,,,
mcvr,台湾SEO,,iマイクロパッチ,,,,,,0.00%,,,,,,,0.00%,,,,,,,,,,,,,,,,,,,,,,,
mcvr,台湾SEO,,すっぽんスリム,,,,,,0.00%,,,,,,,0.00%,,,,,,,,,,,,,,,,,,,,,,,
mcvr,台湾SEO,,豐麗EX,,,,,,0.00%,,,,,,,0.00%,,,,,,,,,,,,,,,,,,,,,,,
mcvr,台湾SEO,,Simply Fit,,,,,,0.00%,,,,,,,0.00%,,,,,,,,,,,,,,,,,,,,,,,
mcvr,台湾SEO,,maNara(1番),,,,,,0.00%,,,,,,,0.00%,,,,,,,,,,,,,,,,,,,,,,,
mcvr,台湾SEO,,ViTAKT,,,,,,0.00%,,,,,,,0.00%,,,,,,,,,,,,,,,,,,,,,,,
mcvr,台湾SEO,,ナイトアイボーテ,,,,,,0.00%,,,,,,,0.00%,,,,,,,,,,,,,,,,,,,,,,,
mcvr,台湾SEO,,DMJ葛の花減脂粒,,,,,,0.00%,,,,,,,0.00%,,,,,,,,,,,,,,,,,,,,,,,
mcvr,台湾SEO,,デリーモ(PF切り替え前),,,,,,0.00%,,,,,,,0.00%,,,,,,,,,,,,,,,,,,,,,,,
mcvr,台湾SEO,,デリーモ(PF切り替え前),,,,,,,,,,,,,,,,,,,,,,,,,,,,,,,,,,,,
mcvr,台湾SEO,,はピート,,,,,,,,,,,,,,,,,,,,,,,,,,,,,,,,,,,,
mcvr,台湾SEO,,アロンザ,,,,,,,,,,,,,,,,,,,,,,,,,,,,,,,,,,,,
mcvr,台湾SEO,,マキシマムマッスル,,,,,,0.00%,,,,,,,0.00%,,,,,,,,,,,,,,,,,,,,,,,
mcvr,台湾SEO,,快朝酵素,,,,,,,,,,,,,,,,,,,,,,,,,,,,,,,,,,,,
mcvr,台湾SEO,,プレミアムベルエタンセル,,,,,,,,,,,,,,,,,,,,,,,,,,,,,,,,,,,,